User_ID,Product_ID,Rating,Timestamp
A5JLAU2ARJ0BO,1400532655,1.0,1291334400
A2R6RA8FRBS608,B000001OL6,4.0,1209513600
A11D1KHM7DVOQK,B000001OMN,2.0,1167350400
A6FIAB28IS79,B00000J05A,3.0,985564800
A2R6RA8FRBS608,B00000J1EP,4.0,1186272000
A11D1KHM7DVOQK,B00000J1G6,1.0,1110499200
AKT8TGIT6VVZ5,B00000J1TX,5.0,1180224000
A6FIAB28IS79,B00000J1UQ,5.0,1251763200
A231WM2Z2JL0U3,B00000J1US,5.0,1010880000
A2B7BUH8834Y6M,B00000J1UU,5.0,1011484800
A2B7BUH8834Y6M,B00000J3II,5.0,1011830400
A6FIAB28IS79,B00000J4CY,3.0,1199404800
A2R6RA8FRBS608,B00000J4IX,4.0,1180137600
A231WM2Z2JL0U3,B00000J570,4.0,979776000
A11D1KHM7DVOQK,B00000J9Z7,4.0,1168646400
A11D1KHM7DVOQK,B00000JBYW,1.0,1174348800
A11D1KHM7DVOQK,B00000JCTD,4.0,1108339200
A231WM2Z2JL0U3,B00000JFJA,3.0,1007164800
A2B7BUH8834Y6M,B00000JFOF,5.0,1003190400
A3OXHLG6DIBRW8,B00000JHX1,4.0,1253232000
A3OXHLG6DIBRW8,B00000JLSJ,5.0,1253232000
A231WM2Z2JL0U3,B00000JSGF,4.0,969840000
A2B7BUH8834Y6M,B00000K0KJ,4.0,1011830400
A2B7BUH8834Y6M,B00000K1SF,1.0,962496000
A231WM2Z2JL0U3,B00000K4KH,5.0,1078444800
A2B7BUH8834Y6M,B00000K4KU,5.0,1069372800
A231WM2Z2JL0U3,B00001OPK8,4.0,964828800
A11D1KHM7DVOQK,B00001P3XM,4.0,1089849600
A6FIAB28IS79,B00001P4X5,3.0,1019779200
A6FIAB28IS79,B00001P4ZH,3.0,1237507200
A11D1KHM7DVOQK,B00001W0D4,4.0,1167264000
A6FIAB28IS79,B00001W0DI,5.0,1084665600
A231WM2Z2JL0U3,B00001YVG4,5.0,987465600
A2R6RA8FRBS608,B00001ZT4H,4.0,1209513600
A2B7BUH8834Y6M,B00001ZWPF,4.0,1001808000
A11D1KHM7DVOQK,B00001ZWRV,3.0,1104019200
AKT8TGIT6VVZ5,B000021YU8,5.0,983318400
A231WM2Z2JL0U3,B000021YUO,5.0,985824000
A231WM2Z2JL0U3,B000023VUL,5.0,970444800
A6FIAB28IS79,B000023VUL,2.0,1010534400
A3OXHLG6DIBRW8,B000026D8E,2.0,1233619200
A231WM2Z2JL0U3,B000028F42,5.0,974851200
A2B7BUH8834Y6M,B0000296HA,1.0,1069977600
A231WM2Z2JL0U3,B00002SWHH,3.0,968112000
A3OXHLG6DIBRW8,B00003006E,5.0,1244937600
A5JLAU2ARJ0BO,B00003006R,5.0,1052092800
A231WM2Z2JL0U3,B0000304ZO,5.0,966729600
A3OXHLG6DIBRW8,B000031WDA,3.0,1228953600
A231WM2Z2JL0U3,B000038AB2,5.0,974160000
AT6CZDCP4TRGA,B00003CWA3,3.0,1078012800
A231WM2Z2JL0U3,B00003CWCI,4.0,970444800
A6FIAB28IS79,B00003CWDH,4.0,1219968000
A231WM2Z2JL0U3,B00003CWE8,4.0,970444800
A5JLAU2ARJ0BO,B00003G1RG,3.0,1104796800
A231WM2Z2JL0U3,B00003G1RG,5.0,997488000
A231WM2Z2JL0U3,B00003G1RJ,5.0,998697600
A2R6RA8FRBS608,B00003GO0E,5.0,1199750400
A231WM2Z2JL0U3,B00003ZDJ7,5.0,1015804800
A231WM2Z2JL0U3,B0000488VK,3.0,995414400
A2B7BUH8834Y6M,B00004R8V6,2.0,1011830400
A231WM2Z2JL0U3,B00004R8VC,5.0,993859200
A231WM2Z2JL0U3,B00004RC2D,4.0,976147200
A5JLAU2ARJ0BO,B00004S9AK,5.0,956880000
A231WM2Z2JL0U3,B00004S9AK,5.0,970099200
A231WM2Z2JL0U3,B00004SA30,5.0,991440000
A5JLAU2ARJ0BO,B00004SB92,4.0,1034726400
A231WM2Z2JL0U3,B00004SB92,5.0,1011657600
A2B7BUH8834Y6M,B00004SB92,4.0,1011484800
A231WM2Z2JL0U3,B00004SC3Y,4.0,1008028800
A231WM2Z2JL0U3,B00004SCIT,4.0,977270400
A25HBO5V8S8SEA,B00004SCKA,5.0,1099612800
A231WM2Z2JL0U3,B00004SCKA,4.0,969062400
A231WM2Z2JL0U3,B00004SD15,5.0,1007078400
A231WM2Z2JL0U3,B00004SD85,5.0,999648000
A231WM2Z2JL0U3,B00004SD9Q,5.0,971395200
A231WM2Z2JL0U3,B00004SSRC,5.0,973641600
A2R6RA8FRBS608,B00004SU73,4.0,1159142400
A231WM2Z2JL0U3,B00004SYB7,5.0,980208000
A2R6RA8FRBS608,B00004SYKO,5.0,1230422400
A2B7BUH8834Y6M,B00004SYVL,4.0,961632000
A5JLAU2ARJ0BO,B00004T1KZ,4.0,1078185600
A6FIAB28IS79,B00004T1WU,5.0,1030838400
A6FIAB28IS79,B00004T1X6,4.0,1024704000
A2R6RA8FRBS608,B00004T8R2,4.0,1255564800
A11D1KHM7DVOQK,B00004T8R2,2.0,1191369600
A231WM2Z2JL0U3,B00004TDL2,3.0,1017187200
A6FIAB28IS79,B00004TDN0,5.0,1008374400
A2B7BUH8834Y6M,B00004TDN2,4.0,1013040000
A231WM2Z2JL0U3,B00004TE75,5.0,997488000
A231WM2Z2JL0U3,B00004TEN2,5.0,995328000
A25HBO5V8S8SEA,B00004TENT,5.0,1099612800
A231WM2Z2JL0U3,B00004TH2Y,4.0,982022400
A231WM2Z2JL0U3,B00004THDE,5.0,990230400
A3OXHLG6DIBRW8,B00004TJ7O,5.0,1253232000
A6FIAB28IS79,B00004TKHY,4.0,996451200
A2B7BUH8834Y6M,B00004TL5Q,5.0,997920000
A5JLAU2ARJ0BO,B00004TS16,5.0,979257600
A231WM2Z2JL0U3,B00004TS16,5.0,973900800
A5JLAU2ARJ0BO,B00004TVSO,2.0,1107129600
A2R6RA8FRBS608,B00004TWM4,3.0,1238716800
A2R6RA8FRBS608,B00004TWVY,5.0,1197936000
A6FIAB28IS79,B00004TZGZ,3.0,1199232000
A6FIAB28IS79,B00004TZJJ,4.0,1020297600
A6FIAB28IS79,B00004TZJK,4.0,1076889600
A6FIAB28IS79,B00004TZJQ,3.0,1076889600
A11D1KHM7DVOQK,B00004TZK6,1.0,1174608000
A6FIAB28IS79,B00004TZKO,3.0,1003622400
A231WM2Z2JL0U3,B00004U8FY,4.0,997228800
A231WM2Z2JL0U3,B00004U9NP,4.0,995587200
A3OXHLG6DIBRW8,B00004VV4J,5.0,1253318400
A3OXHLG6DIBRW8,B00004VVGH,5.0,1253318400
A231WM2Z2JL0U3,B00004VWM3,5.0,970444800
A5JLAU2ARJ0BO,B00004VX3T,3.0,1056240000
A231WM2Z2JL0U3,B00004VX3T,5.0,1019433600
A231WM2Z2JL0U3,B00004W3YX,5.0,990403200
A231WM2Z2JL0U3,B00004WGNF,4.0,972691200
A231WM2Z2JL0U3,B00004WHF1,5.0,1024012800
A231WM2Z2JL0U3,B00004WIMW,1.0,969494400
A231WM2Z2JL0U3,B00004X036,3.0,999648000
A5JLAU2ARJ0BO,B00004X107,4.0,1104364800
A231WM2Z2JL0U3,B00004XO1V,5.0,975888000
AKT8TGIT6VVZ5,B00004XOM3,5.0,1120176000
A2B7BUH8834Y6M,B00004XOM3,4.0,1159056000
A231WM2Z2JL0U3,B00004XP73,3.0,990230400
A2B7BUH8834Y6M,B00004Y284,5.0,1028332800
A231WM2Z2JL0U3,B00004Y2MM,5.0,1001116800
A231WM2Z2JL0U3,B00004Y303,4.0,994809600
AT6CZDCP4TRGA,B00004Y3U7,1.0,1152144000
AT6CZDCP4TRGA,B00004Y3V0,1.0,1100131200
A231WM2Z2JL0U3,B00004Y7CF,5.0,1002672000
AT6CZDCP4TRGA,B00004Y7TC,4.0,1041206400
A231WM2Z2JL0U3,B00004Y7Y2,4.0,980553600
A231WM2Z2JL0U3,B00004YBVE,3.0,1011398400
A5JLAU2ARJ0BO,B00004YKDQ,1.0,979257600
A231WM2Z2JL0U3,B00004YKDQ,4.0,1006214400
A231WM2Z2JL0U3,B00004YMBK,5.0,995414400
A231WM2Z2JL0U3,B00004YRVY,4.0,971308800
A11D1KHM7DVOQK,B00004Z0BN,3.0,1122076800
A11D1KHM7DVOQK,B00004Z0C2,4.0,1116979200
A231WM2Z2JL0U3,B00004Z4ZB,3.0,1025395200
A3OXHLG6DIBRW8,B00004Z5KI,5.0,1284854400
A5JLAU2ARJ0BO,B00004Z5L8,5.0,1035849600
A3OXHLG6DIBRW8,B00004Z5M1,5.0,1281484800
A5JLAU2ARJ0BO,B00004Z5M1,5.0,1100044800
A2R6RA8FRBS608,B00004Z5M1,5.0,1194825600
A11D1KHM7DVOQK,B00004Z672,2.0,1112486400
A6FIAB28IS79,B00004Z6KW,5.0,1013817600
A231WM2Z2JL0U3,B00004Z6OK,3.0,1001289600
A231WM2Z2JL0U3,B00004Z6PI,5.0,1018828800
A231WM2Z2JL0U3,B00004Z86J,5.0,992044800
A25HBO5V8S8SEA,B00004Z8HN,5.0,1099612800
A25HBO5V8S8SEA,B00004Z90O,5.0,1099612800
A231WM2Z2JL0U3,B00004ZA7W,5.0,1031702400
A25HBO5V8S8SEA,B00004ZB57,5.0,1099612800
A3OXHLG6DIBRW8,B00004ZCJE,5.0,1243555200
A2B7BUH8834Y6M,B00004ZCJE,5.0,1365552000
A2B7BUH8834Y6M,B00004ZD36,4.0,1069804800
AKT8TGIT6VVZ5,B0000501QC,5.0,1122076800
A2B7BUH8834Y6M,B0000507JI,4.0,1007510400
A231WM2Z2JL0U3,B0000509JK,2.0,1008633600
A231WM2Z2JL0U3,B0000509JL,2.0,989712000
A2R6RA8FRBS608,B000050AQ7,5.0,1191628800
A231WM2Z2JL0U3,B000050AQ7,5.0,1034467200
A231WM2Z2JL0U3,B000050NON,4.0,1028419200
A2R6RA8FRBS608,B000050ZE2,4.0,1188172800
A25HBO5V8S8SEA,B000050ZTY,5.0,1099612800
A25HBO5V8S8SEA,B000050ZUC,5.0,1099612800
A231WM2Z2JL0U3,B0000510NY,3.0,1015459200
A3OXHLG6DIBRW8,B0000510T7,5.0,1367539200
A231WM2Z2JL0U3,B0000510YS,5.0,1001289600
A3OXHLG6DIBRW8,B0000510ZO,4.0,1316044800
A231WM2Z2JL0U3,B000051123,5.0,1010275200
A231WM2Z2JL0U3,B0000511OJ,3.0,1006214400
AT6CZDCP4TRGA,B0000511U7,4.0,1320537600
A231WM2Z2JL0U3,B0000512Q7,3.0,1003190400
A25HBO5V8S8SEA,B0000512VK,5.0,1099612800
A231WM2Z2JL0U3,B00005137P,5.0,1023494400
A6FIAB28IS79,B00005138B,2.0,993772800
A6FIAB28IS79,B0000513SA,5.0,1010188800
A25HBO5V8S8SEA,B00005145S,5.0,1099612800
A2B7BUH8834Y6M,B000051JUL,4.0,1011484800
A231WM2Z2JL0U3,B000051SHL,5.0,1037145600
A231WM2Z2JL0U3,B000051TN9,4.0,1010707200
A231WM2Z2JL0U3,B000051TNA,4.0,998956800
AKT8TGIT6VVZ5,B0000520HD,4.0,997315200
AKT8TGIT6VVZ5,B0000520I7,5.0,997142400
AKT8TGIT6VVZ5,B0000520IA,5.0,1099094400
AKT8TGIT6VVZ5,B0000520IJ,5.0,997056000
AKT8TGIT6VVZ5,B0000520IL,5.0,1072828800
AKT8TGIT6VVZ5,B0000520IT,5.0,1010620800
AKT8TGIT6VVZ5,B0000520IV,5.0,1010361600
A2B7BUH8834Y6M,B000052WM4,3.0,1069372800
AKT8TGIT6VVZ5,B000053HH5,5.0,1120694400
A2B7BUH8834Y6M,B000055YX6,5.0,1092528000
A231WM2Z2JL0U3,B000056Q1H,5.0,997228800
A5JLAU2ARJ0BO,B000056SRE,5.0,1065744000
A231WM2Z2JL0U3,B000056SSM,3.0,1024963200
A5JLAU2ARJ0BO,B00005853Z,5.0,983664000
A11D1KHM7DVOQK,B000059L44,1.0,1112486400
A2B7BUH8834Y6M,B000059YXK,5.0,1069804800
A231WM2Z2JL0U3,B00005A0R4,5.0,1003276800
A231WM2Z2JL0U3,B00005A3MB,5.0,988934400
A231WM2Z2JL0U3,B00005A9WZ,5.0,1007164800
A25HBO5V8S8SEA,B00005AC8J,5.0,1099612800
A231WM2Z2JL0U3,B00005AC8J,5.0,1011916800
A6FIAB28IS79,B00005ALB1,3.0,1019692800
A2R6RA8FRBS608,B00005AQ53,4.0,1189123200
A6FIAB28IS79,B00005AR4L,4.0,987206400
A231WM2Z2JL0U3,B00005ARK3,4.0,1070236800
A231WM2Z2JL0U3,B00005AT7Y,5.0,996883200
A231WM2Z2JL0U3,B00005ATWQ,4.0,992736000
A231WM2Z2JL0U3,B00005ATXJ,5.0,992044800
A231WM2Z2JL0U3,B00005ATZN,5.0,991958400
A231WM2Z2JL0U3,B00005AW1H,4.0,1034467200
A231WM2Z2JL0U3,B00005AW1X,4.0,1009497600
A6FIAB28IS79,B00005AWBJ,4.0,1019865600
A231WM2Z2JL0U3,B00005AY8Q,5.0,1007683200
A231WM2Z2JL0U3,B00005AYLL,5.0,1039824000
A231WM2Z2JL0U3,B00005B0BY,5.0,989625600
A231WM2Z2JL0U3,B00005B4BN,1.0,997574400
A231WM2Z2JL0U3,B00005B4BW,2.0,965433600
A231WM2Z2JL0U3,B00005B6TI,5.0,1007164800
A231WM2Z2JL0U3,B00005B6UF,5.0,1007769600
A231WM2Z2JL0U3,B00005B6YF,3.0,993340800
A231WM2Z2JL0U3,B00005B70I,2.0,989712000
A231WM2Z2JL0U3,B00005B8HO,5.0,1038700800
A11D1KHM7DVOQK,B00005B8SF,2.0,1110412800
A11D1KHM7DVOQK,B00005B9W6,1.0,1106784000
A231WM2Z2JL0U3,B00005BABT,4.0,1014940800
A231WM2Z2JL0U3,B00005BKZZ,3.0,991180800
A231WM2Z2JL0U3,B00005I9P3,5.0,991094400
AT6CZDCP4TRGA,B00005I9RU,2.0,1206748800
A25HBO5V8S8SEA,B00005ICE1,5.0,1099612800
A231WM2Z2JL0U3,B00005ICE1,5.0,1015459200
A25HBO5V8S8SEA,B00005ICE3,5.0,1099612800
A25HBO5V8S8SEA,B00005JGFK,5.0,1099612800
A25HBO5V8S8SEA,B00005JGFR,5.0,1099612800
A25HBO5V8S8SEA,B00005JGFT,5.0,1099612800
A231WM2Z2JL0U3,B00005JHQA,4.0,999648000
A231WM2Z2JL0U3,B00005KAMS,3.0,1010448000
A231WM2Z2JL0U3,B00005KB24,5.0,1031443200
AT6CZDCP4TRGA,B00005LACB,4.0,1106092800
AKT8TGIT6VVZ5,B00005LAXJ,3.0,1070064000
A231WM2Z2JL0U3,B00005LB8P,5.0,998784000
A6FIAB28IS79,B00005LB8P,5.0,993772800
A3OXHLG6DIBRW8,B00005LD4T,5.0,1219536000
A3OXHLG6DIBRW8,B00005LD4W,5.0,1219536000
A25HBO5V8S8SEA,B00005LDK6,5.0,1099612800
A231WM2Z2JL0U3,B00005LDQH,4.0,996883200
AKT8TGIT6VVZ5,B00005LE6Z,5.0,1122681600
AKT8TGIT6VVZ5,B00005LE70,5.0,1120694400
AKT8TGIT6VVZ5,B00005LE72,4.0,1135728000
AKT8TGIT6VVZ5,B00005LE75,5.0,1122681600
AKT8TGIT6VVZ5,B00005LE77,5.0,1122681600
AKT8TGIT6VVZ5,B00005LE78,5.0,1122681600
A5JLAU2ARJ0BO,B00005LEN4,5.0,1106784000
AKT8TGIT6VVZ5,B00005LEN4,5.0,1122681600
A5JLAU2ARJ0BO,B00005LENO,5.0,1107820800
AKT8TGIT6VVZ5,B00005LENO,5.0,1120608000
AKT8TGIT6VVZ5,B00005LENW,5.0,1120176000
AKT8TGIT6VVZ5,B00005LEOC,4.0,1122681600
AKT8TGIT6VVZ5,B00005LEOH,5.0,1148256000
AKT8TGIT6VVZ5,B00005LEOM,5.0,1121472000
AKT8TGIT6VVZ5,B00005LERN,5.0,1092441600
A231WM2Z2JL0U3,B00005MA7J,4.0,1007596800
A231WM2Z2JL0U3,B00005MA9X,5.0,1012089600
A231WM2Z2JL0U3,B00005MAAR,5.0,1069459200
A231WM2Z2JL0U3,B00005MEMN,4.0,997574400
A231WM2Z2JL0U3,B00005MEN6,4.0,1012003200
A25HBO5V8S8SEA,B00005MIS8,5.0,1099612800
A6FIAB28IS79,B00005ML56,2.0,1013299200
A3OXHLG6DIBRW8,B00005ML7Q,4.0,1348704000
A5JLAU2ARJ0BO,B00005MOZG,4.0,1072656000
A6FIAB28IS79,B00005N6KF,4.0,1035936000
A231WM2Z2JL0U3,B00005NDUP,5.0,1025308800
A25HBO5V8S8SEA,B00005NFPH,5.0,1099612800
A25HBO5V8S8SEA,B00005NFPU,5.0,1099612800
A231WM2Z2JL0U3,B00005NGQF,4.0,1022457600
A231WM2Z2JL0U3,B00005NHAC,5.0,1006905600
A231WM2Z2JL0U3,B00005NHAK,4.0,1007683200
A25HBO5V8S8SEA,B00005NHH8,5.0,1099612800
A5JLAU2ARJ0BO,B00005NIMR,4.0,1125187200
A6FIAB28IS79,B00005NIMR,3.0,1193875200
A2B7BUH8834Y6M,B00005NK38,5.0,1012953600
A6FIAB28IS79,B00005NK3C,3.0,1012348800
A5JLAU2ARJ0BO,B00005NKXS,5.0,1054857600
A2R6RA8FRBS608,B00005NOHQ,5.0,1193356800
A231WM2Z2JL0U3,B00005NWQN,5.0,1006473600
A5JLAU2ARJ0BO,B00005O0LH,5.0,1077062400
A231WM2Z2JL0U3,B00005O0LI,5.0,1023494400
A231WM2Z2JL0U3,B00005OAY3,3.0,1007942400
A25HBO5V8S8SEA,B00005OCY6,5.0,1100217600
A231WM2Z2JL0U3,B00005OL85,5.0,1008288000
A231WM2Z2JL0U3,B00005OMN0,5.0,1007942400
A25HBO5V8S8SEA,B00005OMXW,5.0,1099612800
AT6CZDCP4TRGA,B00005OMZ7,3.0,1038614400
A25HBO5V8S8SEA,B00005OMZJ,5.0,1099612800
A231WM2Z2JL0U3,B00005OMZN,3.0,1029024000
A231WM2Z2JL0U3,B00005OMZT,5.0,1059264000
A5JLAU2ARJ0BO,B00005OP2T,5.0,1064793600
A231WM2Z2JL0U3,B00005OQMO,4.0,1033603200
A231WM2Z2JL0U3,B00005Q7DG,4.0,1009670400
A5JLAU2ARJ0BO,B00005Q7DH,5.0,1029283200
A231WM2Z2JL0U3,B00005Q7DI,4.0,1007683200
A11D1KHM7DVOQK,B00005QBUR,4.0,1167264000
A11D1KHM7DVOQK,B00005QBUU,4.0,1167264000
A5JLAU2ARJ0BO,B00005QCU3,5.0,1008720000
A231WM2Z2JL0U3,B00005QFZF,5.0,1022457600
A5JLAU2ARJ0BO,B00005QFZG,5.0,1051574400
A231WM2Z2JL0U3,B00005QFZG,5.0,1015718400
A231WM2Z2JL0U3,B00005QI59,5.0,1007596800
A231WM2Z2JL0U3,B00005QJCU,4.0,1010880000
A11D1KHM7DVOQK,B00005QT5J,2.0,1107734400
A231WM2Z2JL0U3,B00005QXWI,5.0,1025308800
A231WM2Z2JL0U3,B00005R098,4.0,1035676800
A231WM2Z2JL0U3,B00005R8TR,4.0,1007510400
A25HBO5V8S8SEA,B00005RFC1,5.0,1099612800
A231WM2Z2JL0U3,B00005RG4N,3.0,1007078400
A2B7BUH8834Y6M,B00005S0M5,5.0,1012348800
A11D1KHM7DVOQK,B00005T39Y,4.0,1135641600
A5JLAU2ARJ0BO,B00005T3B5,5.0,1050451200
A2R6RA8FRBS608,B00005T3BP,5.0,1212537600
A6FIAB28IS79,B00005T3ND,3.0,1020038400
AT6CZDCP4TRGA,B00005T3Q2,5.0,1323907200
A5JLAU2ARJ0BO,B00005T3RC,5.0,1093996800
A5JLAU2ARJ0BO,B00005T3SM,5.0,1060819200
A11D1KHM7DVOQK,B00005T3SP,4.0,1169510400
A231WM2Z2JL0U3,B00005T3T6,5.0,1016064000
A2B7BUH8834Y6M,B00005T3T6,5.0,1011571200
A231WM2Z2JL0U3,B00005T3TL,5.0,1029024000
A6FIAB28IS79,B00005T408,4.0,1274313600
A231WM2Z2JL0U3,B00005T6GZ,5.0,1006387200
A231WM2Z2JL0U3,B00005U0I5,5.0,1016150400
A231WM2Z2JL0U3,B00005UE92,5.0,1013040000
A25HBO5V8S8SEA,B00005UEA6,5.0,1099612800
A2R6RA8FRBS608,B00005UKBG,5.0,1184198400
A231WM2Z2JL0U3,B00005UKBX,5.0,1057968000
A25HBO5V8S8SEA,B00005UPRC,5.0,1099612800
A25HBO5V8S8SEA,B00005UPRJ,5.0,1099612800
A5JLAU2ARJ0BO,B00005USA7,5.0,1099958400
A2R6RA8FRBS608,B00005USQ7,4.0,1197417600
A231WM2Z2JL0U3,B00005UT2Q,4.0,1010880000
A231WM2Z2JL0U3,B00005UT2S,5.0,1011657600
A231WM2Z2JL0U3,B00005UT2T,5.0,1013040000
A231WM2Z2JL0U3,B00005UT2U,5.0,1011657600
AT6CZDCP4TRGA,B00005UV2R,1.0,1103760000
A5JLAU2ARJ0BO,B00005V14C,5.0,1040515200
A25HBO5V8S8SEA,B00005V1VJ,5.0,1099612800
A11D1KHM7DVOQK,B00005V54U,5.0,1115424000
A5JLAU2ARJ0BO,B00005V619,5.0,1016323200
A231WM2Z2JL0U3,B00005Y1Z6,5.0,1023235200
A5JLAU2ARJ0BO,B00005Y3OM,4.0,1104883200
A5JLAU2ARJ0BO,B00005Y4QP,5.0,1032480000
A231WM2Z2JL0U3,B00005Y7DO,5.0,1068854400
A11D1KHM7DVOQK,B000060OEO,4.0,1148774400
A5JLAU2ARJ0BO,B000062TTE,5.0,1040428800
A2B7BUH8834Y6M,B000062XUQ,5.0,1100476800
A5JLAU2ARJ0BO,B0000630MK,3.0,1017619200
A25HBO5V8S8SEA,B0000630TK,5.0,1099612800
A231WM2Z2JL0U3,B0000630TO,5.0,1015804800
A231WM2Z2JL0U3,B0000632FZ,5.0,1038787200
A6FIAB28IS79,B0000632FZ,5.0,1111622400
A5JLAU2ARJ0BO,B0000633EO,4.0,1021334400
A5JLAU2ARJ0BO,B00006352Y,2.0,1019174400
A231WM2Z2JL0U3,B000063574,5.0,1037145600
A5JLAU2ARJ0BO,B0000638RV,5.0,1035849600
A231WM2Z2JL0U3,B000063BGY,4.0,1025308800
A5JLAU2ARJ0BO,B000063CUK,5.0,1055721600
A231WM2Z2JL0U3,B000063CWO,4.0,1022889600
A231WM2Z2JL0U3,B000063CWP,4.0,1024012800
A5JLAU2ARJ0BO,B000063CWQ,5.0,1082505600
A5JLAU2ARJ0BO,B000063EKP,5.0,1045440000
A11D1KHM7DVOQK,B000063ENL,4.0,1109980800
A231WM2Z2JL0U3,B000063S4J,4.0,1031097600
A231WM2Z2JL0U3,B000063SGW,5.0,1081814400
A25HBO5V8S8SEA,B000063TM4,5.0,1099612800
A231WM2Z2JL0U3,B000064076,5.0,1019520000
A231WM2Z2JL0U3,B00006412G,5.0,1022457600
A5JLAU2ARJ0BO,B0000642RX,3.0,1061337600
A5JLAU2ARJ0BO,B0000643XU,5.0,1045440000
A231WM2Z2JL0U3,B0000645C8,4.0,1022976000
A5JLAU2ARJ0BO,B0000645C9,5.0,1048464000
A231WM2Z2JL0U3,B0000645C9,4.0,1024704000
A231WM2Z2JL0U3,B0000645ED,5.0,1039651200
A11D1KHM7DVOQK,B00006483U,2.0,1109980800
A5JLAU2ARJ0BO,B00006484F,1.0,1039651200
A5JLAU2ARJ0BO,B0000655ZA,4.0,1040428800
A5JLAU2ARJ0BO,B0000658CD,4.0,1021075200
A5JLAU2ARJ0BO,B0000658CG,5.0,1035849600
A231WM2Z2JL0U3,B0000658CG,5.0,1023235200
A231WM2Z2JL0U3,B0000658CH,5.0,1032307200
A231WM2Z2JL0U3,B0000659A6,5.0,1025913600
A5JLAU2ARJ0BO,B0000659A8,5.0,1055203200
A231WM2Z2JL0U3,B0000659BH,4.0,1039219200
AT6CZDCP4TRGA,B0000659TZ,3.0,1065225600
A5JLAU2ARJ0BO,B0000659UB,5.0,1055721600
A5JLAU2ARJ0BO,B0000659UN,5.0,1039737600
A6FIAB28IS79,B000065BP9,5.0,1264636800
A5JLAU2ARJ0BO,B000065BPC,5.0,1073001600
A6FIAB28IS79,B000065BPC,4.0,1087430400
A2B7BUH8834Y6M,B000065UTC,5.0,1027209600
A5JLAU2ARJ0BO,B000066AZ7,5.0,1069113600
A231WM2Z2JL0U3,B000066CDG,3.0,1025308800
A5JLAU2ARJ0BO,B000066E70,5.0,1056672000
A231WM2Z2JL0U3,B000066E70,5.0,1038700800
AT6CZDCP4TRGA,B000066HUA,4.0,1042156800
A2R6RA8FRBS608,B000066HUC,5.0,1176595200
A2R6RA8FRBS608,B000066HUD,4.0,1191715200
A231WM2Z2JL0U3,B000066JQU,5.0,1042761600
A6FIAB28IS79,B000066R6M,4.0,1294099200
A5JLAU2ARJ0BO,B000066S2B,5.0,1045612800
A231WM2Z2JL0U3,B000066TPN,4.0,1038700800
A5JLAU2ARJ0BO,B000067DKB,5.0,1056931200
A231WM2Z2JL0U3,B000067NO5,5.0,1025913600
A231WM2Z2JL0U3,B000067NO6,4.0,1025222400
A5JLAU2ARJ0BO,B000067QFC,4.0,1049155200
A3OXHLG6DIBRW8,B000067REG,5.0,1266883200
A5JLAU2ARJ0BO,B000067RMT,4.0,1112313600
A2R6RA8FRBS608,B000067RVL,5.0,1248566400
A3OXHLG6DIBRW8,B000067S60,4.0,1275004800
A2R6RA8FRBS608,B000067S6V,4.0,1185753600
A2R6RA8FRBS608,B000067SQP,4.0,1271980800
A3OXHLG6DIBRW8,B000067VBL,3.0,1291248000
A2R6RA8FRBS608,B000067VBL,5.0,1162252800
A2R6RA8FRBS608,B000067VBM,5.0,1185062400
A2R6RA8FRBS608,B000067VC3,5.0,1185494400
A231WM2Z2JL0U3,B000068BQJ,5.0,1033084800
A231WM2Z2JL0U3,B000068BRB,4.0,1025827200
A231WM2Z2JL0U3,B000068BRE,5.0,1026691200
A231WM2Z2JL0U3,B000068BRK,5.0,1038700800
A2B7BUH8834Y6M,B000068BSC,5.0,1100476800
A2R6RA8FRBS608,B000068CNT,5.0,1201478400
A25HBO5V8S8SEA,B000068CS0,5.0,1099612800
A5JLAU2ARJ0BO,B000068DB8,5.0,1050451200
A25HBO5V8S8SEA,B000068IL8,5.0,1099612800
A5JLAU2ARJ0BO,B000068MGO,4.0,1072656000
A5JLAU2ARJ0BO,B000068MQE,5.0,1053216000
A6FIAB28IS79,B000068NYF,5.0,1344816000
A5JLAU2ARJ0BO,B000068OJL,1.0,1053820800
A5JLAU2ARJ0BO,B000068OJM,4.0,1040774400
AT6CZDCP4TRGA,B000068PL7,5.0,1171497600
A5JLAU2ARJ0BO,B000069092,4.0,1102896000
A11D1KHM7DVOQK,B000069106,4.0,1154995200
A25HBO5V8S8SEA,B0000691IO,5.0,1099612800
A231WM2Z2JL0U3,B0000691IO,5.0,1029283200
A25HBO5V8S8SEA,B0000691IQ,5.0,1099612800
A231WM2Z2JL0U3,B0000691LX,3.0,1036886400
A231WM2Z2JL0U3,B0000696R8,5.0,1031097600
AT6CZDCP4TRGA,B000069E1H,1.0,1202256000
AT6CZDCP4TRGA,B000069J56,2.0,1043884800
A25HBO5V8S8SEA,B000069JWS,5.0,1099612800
A25HBO5V8S8SEA,B000069JWT,5.0,1099612800
A5JLAU2ARJ0BO,B000069K98,5.0,1026000000
A5JLAU2ARJ0BO,B00006A8ZP,1.0,1061078400
A25HBO5V8S8SEA,B00006AE2W,5.0,1099612800
A25HBO5V8S8SEA,B00006AE3K,5.0,1099612800
A11D1KHM7DVOQK,B00006AG1G,3.0,1104278400
A5JLAU2ARJ0BO,B00006B12C,5.0,1052438400
A231WM2Z2JL0U3,B00006B1HC,5.0,1038009600
A25HBO5V8S8SEA,B00006B6JH,5.0,1099612800
A6FIAB28IS79,B00006B722,5.0,1085356800
A5JLAU2ARJ0BO,B00006B7HB,5.0,1054512000
A231WM2Z2JL0U3,B00006B7HB,5.0,1032566400
A6FIAB28IS79,B00006B7LO,5.0,1052352000
A25HBO5V8S8SEA,B00006B7WN,5.0,1099612800
A25HBO5V8S8SEA,B00006B7WT,5.0,1099612800
A5JLAU2ARJ0BO,B00006B80O,5.0,1053475200
A25HBO5V8S8SEA,B00006B815,5.0,1099612800
A5JLAU2ARJ0BO,B00006B85B,5.0,1072137600
A25HBO5V8S8SEA,B00006B8ZL,5.0,1109203200
AKT8TGIT6VVZ5,B00006B938,5.0,1178150400
AT6CZDCP4TRGA,B00006B9H9,3.0,1033776000
A25HBO5V8S8SEA,B00006B9QA,5.0,1099612800
A25HBO5V8S8SEA,B00006B9QE,5.0,1099612800
A25HBO5V8S8SEA,B00006B9QG,5.0,1099612800
A11D1KHM7DVOQK,B00006B9WE,3.0,1107561600
A25HBO5V8S8SEA,B00006B9ZA,5.0,1099612800
A231WM2Z2JL0U3,B00006B9ZB,5.0,1059264000
A25HBO5V8S8SEA,B00006BA0B,5.0,1099612800
A5JLAU2ARJ0BO,B00006BAVI,2.0,1040428800
A25HBO5V8S8SEA,B00006BAW0,5.0,1099612800
A25HBO5V8S8SEA,B00006BBY4,5.0,1099612800
A2B7BUH8834Y6M,B00006BC2H,5.0,1069977600
A5JLAU2ARJ0BO,B00006BH7F,5.0,1040515200
AT6CZDCP4TRGA,B00006BMQS,1.0,1104278400
A5JLAU2ARJ0BO,B00006DY6J,4.0,1050364800
A25HBO5V8S8SEA,B00006DY6K,5.0,1099612800
AKT8TGIT6VVZ5,B00006FRJK,5.0,1040083200
AKT8TGIT6VVZ5,B00006FRO9,5.0,1103760000
A3OXHLG6DIBRW8,B00006FXHQ,4.0,1219536000
A25HBO5V8S8SEA,B00006GETC,5.0,1099612800
A25HBO5V8S8SEA,B00006GJ79,5.0,1099612800
A231WM2Z2JL0U3,B00006HCCK,5.0,1035072000
A25HBO5V8S8SEA,B00006HCCS,5.0,1099612800
A5JLAU2ARJ0BO,B00006HCCS,5.0,1045008000
A25HBO5V8S8SEA,B00006HCHH,5.0,1099612800
A6FIAB28IS79,B00006HCHH,5.0,1053475200
A231WM2Z2JL0U3,B00006HCJI,4.0,1077235200
A25HBO5V8S8SEA,B00006HGW0,5.0,1099612800
AKT8TGIT6VVZ5,B00006HGZL,5.0,1031788800
A231WM2Z2JL0U3,B00006HMPK,5.0,1035417600
A11D1KHM7DVOQK,B00006HMPR,1.0,1114300800
A11D1KHM7DVOQK,B00006HMPZ,4.0,1107734400
A25HBO5V8S8SEA,B00006HMRS,5.0,1099612800
A25HBO5V8S8SEA,B00006HMRW,5.0,1099612800
A25HBO5V8S8SEA,B00006HMRY,5.0,1099612800
A25HBO5V8S8SEA,B00006HNXM,5.0,1099612800
A5JLAU2ARJ0BO,B00006HOAU,2.0,1104969600
A5JLAU2ARJ0BO,B00006HOGN,5.0,1053043200
A2R6RA8FRBS608,B00006HON3,4.0,1168300800
A25HBO5V8S8SEA,B00006HP8E,5.0,1099612800
A25HBO5V8S8SEA,B00006HPBG,5.0,1099612800
A25HBO5V8S8SEA,B00006HTE2,5.0,1099612800
A25HBO5V8S8SEA,B00006HVWS,5.0,1099612800
A25HBO5V8S8SEA,B00006HVWU,5.0,1099612800
A25HBO5V8S8SEA,B00006HW3I,5.0,1099612800
A25HBO5V8S8SEA,B00006HW3P,5.0,1099612800
A25HBO5V8S8SEA,B00006HXF4,5.0,1099612800
A5JLAU2ARJ0BO,B00006HXF4,2.0,1049155200
A5JLAU2ARJ0BO,B00006HXJ6,5.0,1065744000
A2R6RA8FRBS608,B00006HXLO,5.0,1212537600
A5JLAU2ARJ0BO,B00006HXRA,5.0,1045785600
A25HBO5V8S8SEA,B00006HY97,5.0,1099612800
AT6CZDCP4TRGA,B00006HYJ5,3.0,1073520000
A5JLAU2ARJ0BO,B00006HYKM,1.0,1055721600
A231WM2Z2JL0U3,B00006HYKM,5.0,1058140800
A5JLAU2ARJ0BO,B00006HYPV,1.0,1054425600
A5JLAU2ARJ0BO,B00006HYRG,5.0,1107216000
A5JLAU2ARJ0BO,B00006HYWR,1.0,1053993600
A3OXHLG6DIBRW8,B00006HYYH,4.0,1076112000
A231WM2Z2JL0U3,B00006HZ0L,5.0,1036886400
A25HBO5V8S8SEA,B00006HZJM,5.0,1099612800
AKT8TGIT6VVZ5,B00006I53V,4.0,1121385600
A2B7BUH8834Y6M,B00006I53W,5.0,1306368000
AKT8TGIT6VVZ5,B00006I53X,5.0,1120694400
AKT8TGIT6VVZ5,B00006I57N,1.0,1098748800
AKT8TGIT6VVZ5,B00006I57P,5.0,1100649600
AKT8TGIT6VVZ5,B00006I57Q,5.0,1100131200
AKT8TGIT6VVZ5,B00006I5DQ,5.0,1121299200
AKT8TGIT6VVZ5,B00006I5E0,5.0,1122422400
AKT8TGIT6VVZ5,B00006I5E1,5.0,1045353600
AKT8TGIT6VVZ5,B00006I5E4,4.0,1172448000
A231WM2Z2JL0U3,B00006I5FQ,3.0,1066435200
A6FIAB28IS79,B00006I5FQ,5.0,1052352000
A231WM2Z2JL0U3,B00006I5FR,4.0,1059264000
AKT8TGIT6VVZ5,B00006I5JM,5.0,1098835200
A25HBO5V8S8SEA,B00006I5NW,5.0,1099612800
AT6CZDCP4TRGA,B00006I5O4,4.0,1106092800
AT6CZDCP4TRGA,B00006I5O5,2.0,1106092800
A11D1KHM7DVOQK,B00006I5ST,4.0,1094428800
A6FIAB28IS79,B00006I5UH,4.0,1190419200
A2R6RA8FRBS608,B00006I5V6,4.0,1181001600
A6FIAB28IS79,B00006I5VX,5.0,1274140800
A6FIAB28IS79,B00006I5WJ,5.0,1113782400
A2R6RA8FRBS608,B00006IAAN,5.0,1204848000
A6FIAB28IS79,B00006IAAN,1.0,1271030400
A2R6RA8FRBS608,B00006IBLQ,5.0,1278892800
A6FIAB28IS79,B00006ICIW,5.0,1354233600
A5JLAU2ARJ0BO,B00006IJO4,5.0,1055808000
A3OXHLG6DIBRW8,B00006IJO9,2.0,1054598400
AT6CZDCP4TRGA,B00006IKCS,4.0,1036281600
A5JLAU2ARJ0BO,B00006IR39,5.0,1048550400
A231WM2Z2JL0U3,B00006IS65,5.0,1036886400
A2R6RA8FRBS608,B00006IW1X,4.0,1193184000
A6FIAB28IS79,B00006IW1X,5.0,1210032000
AT6CZDCP4TRGA,B00006J054,1.0,1103760000
AT6CZDCP4TRGA,B00006J09J,4.0,1079136000
AT6CZDCP4TRGA,B00006J6RN,4.0,1044489600
A231WM2Z2JL0U3,B00006JHTQ,4.0,1043452800
A6FIAB28IS79,B00006JHTQ,5.0,1039564800
A231WM2Z2JL0U3,B00006JI6T,5.0,1059609600
A25HBO5V8S8SEA,B00006JI6U,5.0,1099612800
A231WM2Z2JL0U3,B00006JI6U,5.0,1059609600
A2B7BUH8834Y6M,B00006JI73,5.0,1093824000
A2B7BUH8834Y6M,B00006JI9K,5.0,1093824000
A11D1KHM7DVOQK,B00006JILW,4.0,1123545600
A231WM2Z2JL0U3,B00006JKXN,4.0,1078444800
A231WM2Z2JL0U3,B00006JLWJ,5.0,1064707200
A5JLAU2ARJ0BO,B00006JN3G,5.0,1106265600
A3OXHLG6DIBRW8,B00006JQLB,4.0,1216857600
A3OXHLG6DIBRW8,B00006JQLD,4.0,1074211200
A5JLAU2ARJ0BO,B00006JQQ6,5.0,1054080000
A2R6RA8FRBS608,B00006L43O,5.0,1185062400
A5JLAU2ARJ0BO,B00006L9CT,5.0,1048204800
A5JLAU2ARJ0BO,B00006LFI5,5.0,1055721600
A231WM2Z2JL0U3,B00006LHEE,5.0,1036800000
A231WM2Z2JL0U3,B00006LHES,4.0,1037059200
A25HBO5V8S8SEA,B00006LHRD,5.0,1099612800
A11D1KHM7DVOQK,B00006LHRV,2.0,1115424000
A2B7BUH8834Y6M,B00006LK1O,4.0,1165622400
A231WM2Z2JL0U3,B00006LL8P,5.0,1058054400
A25HBO5V8S8SEA,B00006LL8X,5.0,1099612800
A25HBO5V8S8SEA,B00006LL8Z,5.0,1099612800
A25HBO5V8S8SEA,B00006LL99,5.0,1099612800
A231WM2Z2JL0U3,B00006LS92,3.0,1036368000
A231WM2Z2JL0U3,B00006LU7D,4.0,1036886400
A231WM2Z2JL0U3,B00006LU7E,4.0,1036886400
A231WM2Z2JL0U3,B00006LUJZ,4.0,1034467200
A231WM2Z2JL0U3,B00006LV79,3.0,1068854400
A5JLAU2ARJ0BO,B00006OLCT,5.0,1059350400
A3OXHLG6DIBRW8,B00006OX6B,3.0,1245196800
A231WM2Z2JL0U3,B00006OX95,5.0,1042934400
A5JLAU2ARJ0BO,B00006OX9D,5.0,1085011200
A5JLAU2ARJ0BO,B00006RSJ1,4.0,1048723200
A5JLAU2ARJ0BO,B00006RSK5,5.0,1048809600
A5JLAU2ARJ0BO,B00006RU4L,5.0,1052611200
A5JLAU2ARJ0BO,B00006RVH4,3.0,1064880000
A2B7BUH8834Y6M,B00006RVK4,5.0,1093824000
A5JLAU2ARJ0BO,B00006RYUX,5.0,1048291200
A5JLAU2ARJ0BO,B00006RZ1E,3.0,1061942400
A231WM2Z2JL0U3,B00006SG3W,5.0,1038700800
AKT8TGIT6VVZ5,B0000709SU,5.0,1099526400
A5JLAU2ARJ0BO,B000071NY3,5.0,1051574400
A6FIAB28IS79,B000075UZ7,5.0,1151798400
A25HBO5V8S8SEA,B0000799QX,5.0,1099612800
AKT8TGIT6VVZ5,B00007AJ8S,5.0,1100131200
AKT8TGIT6VVZ5,B00007AJ8T,4.0,1100131200
AKT8TGIT6VVZ5,B00007AJ8U,5.0,1099526400
A25HBO5V8S8SEA,B00007B65J,5.0,1099612800
A5JLAU2ARJ0BO,B00007B6L5,2.0,1048032000
A25HBO5V8S8SEA,B00007B8R9,5.0,1099612800
A2B7BUH8834Y6M,B00007B8UP,5.0,1053043200
A25HBO5V8S8SEA,B00007B8VK,5.0,1099612800
AT6CZDCP4TRGA,B00007BGP9,3.0,1111190400
AT6CZDCP4TRGA,B00007BGSO,3.0,1101513600
A5JLAU2ARJ0BO,B00007BHYL,4.0,1037145600
AKT8TGIT6VVZ5,B00007BKFG,5.0,1099526400
A5JLAU2ARJ0BO,B00007BKU9,4.0,1068595200
A11D1KHM7DVOQK,B00007DN1E,4.0,1173052800
A25HBO5V8S8SEA,B00007E35Z,5.0,1099612800
A25HBO5V8S8SEA,B00007E361,5.0,1099612800
A5JLAU2ARJ0BO,B00007E7L4,1.0,1060214400
A5JLAU2ARJ0BO,B00007E80J,4.0,1105747200
A2B7BUH8834Y6M,B00007E83S,5.0,1090713600
A2R6RA8FRBS608,B00007E8AB,4.0,1188086400
A5JLAU2ARJ0BO,B00007E8YT,5.0,1050451200
A231WM2Z2JL0U3,B00007E8YT,4.0,1044057600
A11D1KHM7DVOQK,B00007EDM8,5.0,1110672000
A6FIAB28IS79,B00007EDM8,2.0,1160265600
A5JLAU2ARJ0BO,B00007EDZG,5.0,1106265600
A6FIAB28IS79,B00007FGUE,2.0,1240358400
A231WM2Z2JL0U3,B00007FS1O,5.0,1078617600
A5JLAU2ARJ0BO,B00007FS59,5.0,1059091200
A5JLAU2ARJ0BO,B00007FSB9,5.0,1056499200
A25HBO5V8S8SEA,B00007G3DL,5.0,1099612800
A5JLAU2ARJ0BO,B00007H4LM,5.0,1064966400
A2B7BUH8834Y6M,B00007IFJY,4.0,1150588800
A5JLAU2ARJ0BO,B00007J5VV,2.0,1049155200
A2B7BUH8834Y6M,B00007J8SB,5.0,1100476800
A6FIAB28IS79,B00007JDR0,5.0,1175040000
A5JLAU2ARJ0BO,B00007K3A3,5.0,1045526400
A231WM2Z2JL0U3,B00007K3A3,4.0,1066435200
A25HBO5V8S8SEA,B00007KDVI,2.0,1134691200
AT6CZDCP4TRGA,B00007KDVI,1.0,1065139200
A231WM2Z2JL0U3,B00007KDVI,5.0,1045526400
A5JLAU2ARJ0BO,B00007KDX5,2.0,1063065600
A231WM2Z2JL0U3,B00007LAYN,4.0,1076716800
A5JLAU2ARJ0BO,B00007LAYQ,5.0,1053907200
AKT8TGIT6VVZ5,B00007LKHY,4.0,1121472000
A25HBO5V8S8SEA,B00007M8GP,5.0,1099612800
A5JLAU2ARJ0BO,B000083DY0,1.0,1112313600
A231WM2Z2JL0U3,B000083EAI,5.0,1047772800
A5JLAU2ARJ0BO,B000083GMN,5.0,1052784000
A25HBO5V8S8SEA,B000083J0D,5.0,1099612800
A3OXHLG6DIBRW8,B000083JZH,5.0,1276473600
A11D1KHM7DVOQK,B000083K05,4.0,1106784000
A25HBO5V8S8SEA,B000083K0Q,5.0,1099612800
A5JLAU2ARJ0BO,B000083K9F,5.0,1062547200
A11D1KHM7DVOQK,B000084FD5,1.0,1118880000
A5JLAU2ARJ0BO,B000085BBN,1.0,1065312000
A231WM2Z2JL0U3,B000085BD7,3.0,1068940800
A231WM2Z2JL0U3,B000085ZKV,5.0,1068854400
A2B7BUH8834Y6M,B000086A17,5.0,1093824000
A25HBO5V8S8SEA,B000086F0Q,5.0,1099612800
A25HBO5V8S8SEA,B000086F5S,5.0,1099612800
A5JLAU2ARJ0BO,B000086G0D,5.0,1068508800
A6FIAB28IS79,B000087BHV,4.0,1054684800
A5JLAU2ARJ0BO,B000087BXU,5.0,1059609600
A5JLAU2ARJ0BO,B000087GHP,3.0,1053993600
A5JLAU2ARJ0BO,B000087HWM,5.0,1069286400
A231WM2Z2JL0U3,B000087HWM,5.0,1063411200
A5JLAU2ARJ0BO,B000087KY5,5.0,1053388800
A5JLAU2ARJ0BO,B000087L74,4.0,1048723200
A25HBO5V8S8SEA,B000087LBX,5.0,1099612800
A231WM2Z2JL0U3,B000087LGD,4.0,1046044800
A2R6RA8FRBS608,B000087NBU,4.0,1195257600
A2R6RA8FRBS608,B000087NBW,5.0,1186704000
A25HBO5V8S8SEA,B000088JRR,5.0,1099612800
A5JLAU2ARJ0BO,B000088NO8,2.0,1105574400
A25HBO5V8S8SEA,B0000898TE,5.0,1099612800
A231WM2Z2JL0U3,B0000898TE,5.0,1059609600
A5JLAU2ARJ0BO,B0000899QP,5.0,1050451200
A6FIAB28IS79,B0000899ZA,4.0,1196121600
A2B7BUH8834Y6M,B0000899ZA,3.0,1127952000
A2B7BUH8834Y6M,B0000899ZB,5.0,1127952000
A6FIAB28IS79,B000089GN3,5.0,1068422400
A2R6RA8FRBS608,B000089SEY,2.0,1193356800
A5JLAU2ARJ0BO,B00008BO73,5.0,1054166400
A5JLAU2ARJ0BO,B00008BO91,5.0,1050278400
A6FIAB28IS79,B00008BRSD,5.0,1057190400
AT6CZDCP4TRGA,B00008CLZS,3.0,1079222400
A25HBO5V8S8SEA,B00008EM77,5.0,1099612800
A6FIAB28IS79,B00008GT9Y,4.0,1045699200
A5JLAU2ARJ0BO,B00008H2NG,5.0,1142294400
A231WM2Z2JL0U3,B00008I8OP,5.0,1058140800
A5JLAU2ARJ0BO,B00008I9K8,5.0,1095724800
A231WM2Z2JL0U3,B00008IHTY,3.0,1064707200
A231WM2Z2JL0U3,B00008IHU2,5.0,1064793600
A5JLAU2ARJ0BO,B00008IP4V,5.0,1072828800
A5JLAU2ARJ0BO,B00008IP4W,5.0,1050192000
A5JLAU2ARJ0BO,B00008IP5N,5.0,1053388800
A5JLAU2ARJ0BO,B00008IP5P,5.0,1072051200
A5JLAU2ARJ0BO,B00008IP5R,5.0,1072137600
A5JLAU2ARJ0BO,B00008IP5S,5.0,1072828800
A25HBO5V8S8SEA,B00008J18S,5.0,1099612800
A231WM2Z2JL0U3,B00008J639,4.0,1081814400
A25HBO5V8S8SEA,B00008KIWB,5.0,1100217600
A5JLAU2ARJ0BO,B00008L3HH,4.0,1048723200
A5JLAU2ARJ0BO,B00008L3IX,5.0,1048464000
A5JLAU2ARJ0BO,B00008LDHZ,2.0,1053734400
A25HBO5V8S8SEA,B00008MNCI,5.0,1100217600
A25HBO5V8S8SEA,B00008N6QT,5.0,1099612800
A5JLAU2ARJ0BO,B00008N6X4,4.0,1069545600
A231WM2Z2JL0U3,B00008N6X4,2.0,1071273600
AT6CZDCP4TRGA,B00008N6XG,2.0,1063756800
A6FIAB28IS79,B00008N6XJ,5.0,1074643200
A5JLAU2ARJ0BO,B00008N6YJ,1.0,1056499200
A6FIAB28IS79,B00008NJEP,3.0,1259712000
A5JLAU2ARJ0BO,B00008NNY0,5.0,1053734400
A5JLAU2ARJ0BO,B00008NUI2,5.0,1051142400
A25HBO5V8S8SEA,B00008O0P3,5.0,1099612800
A5JLAU2ARJ0BO,B00008OE43,5.0,1090972800
A231WM2Z2JL0U3,B00008OE5G,5.0,1059091200
A5JLAU2ARJ0BO,B00008OE6I,5.0,1079136000
A231WM2Z2JL0U3,B00008OE6I,4.0,1076716800
A5JLAU2ARJ0BO,B00008OLY0,5.0,1054512000
A5JLAU2ARJ0BO,B00008PVXA,5.0,1059004800
A11D1KHM7DVOQK,B00008RS96,2.0,1114300800
A5JLAU2ARJ0BO,B00008RUXS,5.0,1052697600
A25HBO5V8S8SEA,B00008RW87,5.0,1099612800
A231WM2Z2JL0U3,B00008RW8V,4.0,1066521600
A231WM2Z2JL0U3,B00008SB1D,2.0,1069545600
A11D1KHM7DVOQK,B00008T1U0,2.0,1060300800
A11D1KHM7DVOQK,B00008V6JO,2.0,1142640000
A3OXHLG6DIBRW8,B00008VF63,4.0,1235865600
A11D1KHM7DVOQK,B00008VF63,4.0,1135296000
A2B7BUH8834Y6M,B00008VF7U,5.0,1093824000
AT6CZDCP4TRGA,B00008VF91,1.0,1110758400
A5JLAU2ARJ0BO,B00008VFCS,5.0,1060128000
A5JLAU2ARJ0BO,B00008VFCT,5.0,1063152000
A11D1KHM7DVOQK,B00008VIX2,4.0,1117238400
A25HBO5V8S8SEA,B00008W2LR,5.0,1099612800
A5JLAU2ARJ0BO,B00008W7LL,4.0,1054166400
A2B7BUH8834Y6M,B00008WFIZ,5.0,1093824000
A5JLAU2ARJ0BO,B00008WFVI,2.0,1059523200
A5JLAU2ARJ0BO,B00008WFVJ,5.0,1070841600
AT6CZDCP4TRGA,B00008X5DC,5.0,1097020800
A5JLAU2ARJ0BO,B00008XPAR,4.0,1109548800
A3OXHLG6DIBRW8,B00008Y0VN,5.0,1230768000
AT6CZDCP4TRGA,B00008Y1A4,4.0,1064534400
A11D1KHM7DVOQK,B00008Z1PC,3.0,1103760000
A11D1KHM7DVOQK,B00008Z1PT,4.0,1133568000
A11D1KHM7DVOQK,B00008Z1QL,4.0,1103760000
A231WM2Z2JL0U3,B00008ZLHG,5.0,1056499200
A25HBO5V8S8SEA,B00008ZPI1,5.0,1099612800
A5JLAU2ARJ0BO,B00008ZPNR,4.0,1104796800
A11D1KHM7DVOQK,B00008ZPNR,4.0,1104019200
A25HBO5V8S8SEA,B00008ZPNS,5.0,1099612800
A25HBO5V8S8SEA,B00009017A,5.0,1099612800
A231WM2Z2JL0U3,B0000918U2,3.0,1057968000
A5JLAU2ARJ0BO,B000092M1T,3.0,1104969600
A11D1KHM7DVOQK,B000092YPR,4.0,1100476800
A5JLAU2ARJ0BO,B000092YQW,1.0,1082073600
A25HBO5V8S8SEA,B0000932A2,5.0,1099612800
A11D1KHM7DVOQK,B0000932AM,1.0,1126483200
A25HBO5V8S8SEA,B000093FPG,5.0,1099612800
A25HBO5V8S8SEA,B000093IS2,5.0,1099612800
A3OXHLG6DIBRW8,B000093UDQ,4.0,1228953600
A11D1KHM7DVOQK,B000093UQC,4.0,1106438400
A2B7BUH8834Y6M,B000094FRJ,5.0,1093824000
A231WM2Z2JL0U3,B000094FV6,4.0,1059523200
A11D1KHM7DVOQK,B000094JJL,2.0,1107734400
A25HBO5V8S8SEA,B000094P0N,5.0,1099612800
A6FIAB28IS79,B000094Q77,5.0,1239667200
A231WM2Z2JL0U3,B0000952XZ,3.0,1081814400
AT6CZDCP4TRGA,B000095IMS,5.0,1082332800
A3OXHLG6DIBRW8,B000095SB4,4.0,1263859200
A5JLAU2ARJ0BO,B000095SB4,3.0,1106784000
A11D1KHM7DVOQK,B000095SB6,1.0,1126483200
A25HBO5V8S8SEA,B000098XCR,5.0,1099612800
A25HBO5V8S8SEA,B000098XCT,5.0,1099612800
A25HBO5V8S8SEA,B00009967Y,5.0,1099612800
A2R6RA8FRBS608,B000099GL7,5.0,1212364800
A6FIAB28IS79,B00009APE3,5.0,1087171200
A231WM2Z2JL0U3,B00009EEMN,3.0,1068854400
A11D1KHM7DVOQK,B00009EFEK,4.0,1107734400
AT6CZDCP4TRGA,B00009ETMA,5.0,1107648000
A2R6RA8FRBS608,B00009IB70,4.0,1198454400
A231WM2Z2JL0U3,B00009J5VX,4.0,1069200000
A5JLAU2ARJ0BO,B00009J5W0,1.0,1054080000
A231WM2Z2JL0U3,B00009J5W0,5.0,1058486400
A5JLAU2ARJ0BO,B00009K7ES,5.0,1060214400
A2B7BUH8834Y6M,B00009KH63,4.0,1069372800
AT6CZDCP4TRGA,B00009L1RI,4.0,1063756800
A11D1KHM7DVOQK,B00009L1RI,2.0,1103328000
A11D1KHM7DVOQK,B00009L1V0,3.0,1141084800
A5JLAU2ARJ0BO,B00009LI6N,1.0,1086048000
A5JLAU2ARJ0BO,B00009LZMN,1.0,1095552000
A25HBO5V8S8SEA,B00009M6UY,5.0,1099612800
A25HBO5V8S8SEA,B00009M953,5.0,1099612800
A25HBO5V8S8SEA,B00009M954,5.0,1099612800
A25HBO5V8S8SEA,B00009M967,5.0,1099612800
A5JLAU2ARJ0BO,B00009MDBY,5.0,1099353600
AT6CZDCP4TRGA,B00009MK3T,2.0,1104192000
A5JLAU2ARJ0BO,B00009NFEP,1.0,1095552000
A5JLAU2ARJ0BO,B00009NFEQ,5.0,1097539200
A6FIAB28IS79,B00009PLIM,4.0,1174176000
AT6CZDCP4TRGA,B00009PUM7,4.0,1071187200
A5JLAU2ARJ0BO,B00009Q96Z,5.0,1079049600
A231WM2Z2JL0U3,B00009Q96Z,4.0,1068940800
A5JLAU2ARJ0BO,B00009QSET,5.0,1062979200
A25HBO5V8S8SEA,B00009R6TA,5.0,1150848000
AKT8TGIT6VVZ5,B00009R6WO,5.0,1120867200
A2B7BUH8834Y6M,B00009R6WO,5.0,1306368000
A5JLAU2ARJ0BO,B00009R838,1.0,1106870400
AKT8TGIT6VVZ5,B00009R9G6,5.0,1099526400
A5JLAU2ARJ0BO,B00009RL1W,1.0,1073865600
A5JLAU2ARJ0BO,B00009RL1X,2.0,1063843200
A231WM2Z2JL0U3,B00009RTBX,5.0,1078617600
A3OXHLG6DIBRW8,B00009RUCH,4.0,1278460800
A6FIAB28IS79,B00009RUCH,4.0,1251504000
A2R6RA8FRBS608,B00009UHG7,4.0,1185408000
A2R6RA8FRBS608,B00009UHG8,4.0,1184889600
A5JLAU2ARJ0BO,B00009UT28,4.0,1103068800
AKT8TGIT6VVZ5,B00009UU1U,5.0,1099526400
A5JLAU2ARJ0BO,B00009V37A,3.0,1105142400
AKT8TGIT6VVZ5,B00009V3FM,5.0,1126310400
A5JLAU2ARJ0BO,B00009V3JB,2.0,1105142400
A5JLAU2ARJ0BO,B00009V3L6,2.0,1128470400
A25HBO5V8S8SEA,B00009V6U1,5.0,1099612800
A3OXHLG6DIBRW8,B00009VSBE,5.0,1222905600
A5JLAU2ARJ0BO,B00009VSG6,4.0,1069891200
A5JLAU2ARJ0BO,B00009VSIM,5.0,1081900800
A5JLAU2ARJ0BO,B00009VT1T,3.0,1104364800
A11D1KHM7DVOQK,B00009W3DS,5.0,1150156800
A6FIAB28IS79,B00009W3TY,5.0,1250553600
A11D1KHM7DVOQK,B00009W42Q,4.0,1118448000
AT6CZDCP4TRGA,B00009W44A,2.0,1115769600
A11D1KHM7DVOQK,B00009W5QR,1.0,1128038400
A25HBO5V8S8SEA,B00009WKCS,5.0,1099612800
A5JLAU2ARJ0BO,B00009X6PH,2.0,1164585600
A231WM2Z2JL0U3,B00009X6PT,3.0,1070582400
A5JLAU2ARJ0BO,B00009XFMF,5.0,1082505600
A11D1KHM7DVOQK,B00009XSXN,4.0,1128902400
AKT8TGIT6VVZ5,B00009XV7G,5.0,1135728000
AKT8TGIT6VVZ5,B00009XV8P,5.0,1121731200
AKT8TGIT6VVZ5,B00009XV91,5.0,1123718400
AKT8TGIT6VVZ5,B00009XV96,5.0,1121731200
AKT8TGIT6VVZ5,B00009XVBU,5.0,1121472000
AKT8TGIT6VVZ5,B00009XVCZ,5.0,1120867200
AKT8TGIT6VVZ5,B00009XW3A,5.0,1156982400
AKT8TGIT6VVZ5,B00009XW3F,5.0,1166918400
AKT8TGIT6VVZ5,B00009XW3I,5.0,1126656000
A231WM2Z2JL0U3,B00009XZX1,4.0,1068940800
A5JLAU2ARJ0BO,B00009YDPM,1.0,1093305600
A2R6RA8FRBS608,B00009ZOIP,4.0,1184889600
A25HBO5V8S8SEA,B00009ZV4Z,5.0,1099612800
A25HBO5V8S8SEA,B00009ZV50,5.0,1099612800
A5JLAU2ARJ0BO,B0000A03CZ,2.0,1259712000
A5JLAU2ARJ0BO,B0000A0AJH,5.0,1097712000
A5JLAU2ARJ0BO,B0000A1VS1,5.0,1097712000
A5JLAU2ARJ0BO,B0000A2QAD,4.0,1160956800
A231WM2Z2JL0U3,B0000A2QAD,4.0,1066176000
A231WM2Z2JL0U3,B0000A55F4,3.0,1069459200
AT6CZDCP4TRGA,B0000A5769,5.0,1100217600
A2B7BUH8834Y6M,B0000A5R5D,4.0,1090800000
A25HBO5V8S8SEA,B0000AAAJR,5.0,1099612800
A231WM2Z2JL0U3,B0000AAAPF,3.0,1077667200
A2B7BUH8834Y6M,B0000AAAPF,1.0,1093478400
A5JLAU2ARJ0BO,B0000AAAYY,5.0,1086220800
A5JLAU2ARJ0BO,B0000ACOW2,1.0,1085356800
A25HBO5V8S8SEA,B0000ACXZY,5.0,1099612800
A6FIAB28IS79,B0000AFX40,4.0,1206489600
AKT8TGIT6VVZ5,B0000AGAWV,5.0,1166832000
AKT8TGIT6VVZ5,B0000AGAXZ,5.0,1166918400
AKT8TGIT6VVZ5,B0000AGAZ8,5.0,1122076800
A5JLAU2ARJ0BO,B0000AH5HF,2.0,1104969600
A5JLAU2ARJ0BO,B0000AH5N1,3.0,1059350400
A11D1KHM7DVOQK,B0000AHO2T,5.0,1060300800
AT6CZDCP4TRGA,B0000AI0OE,4.0,1376870400
A5JLAU2ARJ0BO,B0000AINEH,5.0,1064361600
A5JLAU2ARJ0BO,B0000AJI8M,2.0,1129507200
A2B7BUH8834Y6M,B0000AKA90,5.0,1365638400
A2B7BUH8834Y6M,B0000AKACN,4.0,1068940800
A2B7BUH8834Y6M,B0000AKVHF,5.0,1088726400
A25HBO5V8S8SEA,B0000AKVJC,5.0,1099612800
A5JLAU2ARJ0BO,B0000AN42F,4.0,1070841600
A5JLAU2ARJ0BO,B0000AOWWM,5.0,1110499200
AT6CZDCP4TRGA,B0000AOWWY,4.0,1073779200
A5JLAU2ARJ0BO,B0000APSKB,5.0,1070582400
A231WM2Z2JL0U3,B0000APSKB,3.0,1068854400
A5JLAU2ARJ0BO,B0000AQFZ9,5.0,1065657600
AT6CZDCP4TRGA,B0000AQIFW,3.0,1071187200
AKT8TGIT6VVZ5,B0000AQJ6I,3.0,1126137600
AKT8TGIT6VVZ5,B0000AQJ6N,5.0,1121472000
AKT8TGIT6VVZ5,B0000AQJ6U,5.0,1121472000
A3OXHLG6DIBRW8,B0000ARKWY,5.0,1228348800
A25HBO5V8S8SEA,B0000AZW9E,5.0,1099612800
A5JLAU2ARJ0BO,B0000B35CK,4.0,1135209600
A231WM2Z2JL0U3,B0000B35Y2,5.0,1068768000
A3OXHLG6DIBRW8,B0000BVYTV,5.0,1267142400
A5JLAU2ARJ0BO,B0000BZG0P,5.0,1069372800
AKT8TGIT6VVZ5,B0000BZM10,5.0,1103760000
AKT8TGIT6VVZ5,B0000BZZFQ,4.0,1121904000
AKT8TGIT6VVZ5,B0000BZZG0,4.0,1121385600
AKT8TGIT6VVZ5,B0000BZZG1,4.0,1121299200
AKT8TGIT6VVZ5,B0000BZZG9,5.0,1121472000
AKT8TGIT6VVZ5,B0000BZZGB,5.0,1121472000
AKT8TGIT6VVZ5,B0000BZZGE,5.0,1143849600
A231WM2Z2JL0U3,B0000C1ZHO,3.0,1080950400
AT6CZDCP4TRGA,B0000C20T5,5.0,1095206400
AT6CZDCP4TRGA,B0000C20V3,3.0,1109635200
A2B7BUH8834Y6M,B0000C20XC,5.0,1093824000
AT6CZDCP4TRGA,B0000C2KB7,3.0,1109721600
A2B7BUH8834Y6M,B0000C3GWV,5.0,1123200000
AKT8TGIT6VVZ5,B0000C3WBD,5.0,1092528000
A5JLAU2ARJ0BO,B0000C4DX5,5.0,1112054400
A6FIAB28IS79,B0000C4DX6,5.0,1275696000
A5JLAU2ARJ0BO,B0000C4E4S,5.0,1069286400
A25HBO5V8S8SEA,B0000C66F8,5.0,1099612800
A5JLAU2ARJ0BO,B0000C8817,5.0,1102982400
A2B7BUH8834Y6M,B0000C8VEK,4.0,1122422400
A25HBO5V8S8SEA,B0000CA1IH,5.0,1099612800
A5JLAU2ARJ0BO,B0000CAPT8,5.0,1096243200
A2B7BUH8834Y6M,B0000CC65P,5.0,1365638400
A231WM2Z2JL0U3,B0000CD08M,4.0,1080691200
A5JLAU2ARJ0BO,B0000CEJUO,5.0,1072828800
A5JLAU2ARJ0BO,B0000CEOYI,3.0,1093305600
A231WM2Z2JL0U3,B0000CEOYI,5.0,1068940800
A25HBO5V8S8SEA,B0000CFY8V,5.0,1099612800
A2R6RA8FRBS608,B0000CFYM9,5.0,1209254400
A2R6RA8FRBS608,B0000CFYMB,4.0,1213315200
A5JLAU2ARJ0BO,B0000CH58M,5.0,1084233600
A5JLAU2ARJ0BO,B0000D17BF,3.0,1090368000
AT6CZDCP4TRGA,B0000D1E04,2.0,1112227200
A5JLAU2ARJ0BO,B0000D8HAD,5.0,1065744000
A231WM2Z2JL0U3,B0000DALHV,2.0,1068940800
A5JLAU2ARJ0BO,B0000DBJTZ,2.0,1075420800
A5JLAU2ARJ0BO,B0000DBJUB,5.0,1075334400
A5JLAU2ARJ0BO,B0000DBJV5,3.0,1080172800
A2R6RA8FRBS608,B0000DC640,4.0,1193356800
A25HBO5V8S8SEA,B0000DD7PE,5.0,1099612800
A231WM2Z2JL0U3,B0000DF2QB,5.0,1068940800
A11D1KHM7DVOQK,B0000DFHMM,2.0,1118880000
A5JLAU2ARJ0BO,B0000DIFGJ,5.0,1101168000
A5JLAU2ARJ0BO,B0000DIX25,2.0,1095897600
A25HBO5V8S8SEA,B0000DJEIP,5.0,1099612800
A25HBO5V8S8SEA,B0000DK3I4,5.0,1099612800
A25HBO5V8S8SEA,B0000DK6CT,5.0,1099612800
A2B7BUH8834Y6M,B0000DK7J2,5.0,1093824000
A2R6RA8FRBS608,B0000E1717,5.0,1194825600
A11D1KHM7DVOQK,B0000E1717,5.0,1112486400
A6FIAB28IS79,B0000E2XEH,4.0,1132012800
AT6CZDCP4TRGA,B0000E6S0Y,3.0,1141344000
A5JLAU2ARJ0BO,B0000E6ZBI,5.0,1085529600
A5JLAU2ARJ0BO,B0000EI9VR,1.0,1077235200
A5JLAU2ARJ0BO,B0000EW9M8,4.0,1105401600
AT6CZDCP4TRGA,B0000EWNWE,3.0,1114128000
A5JLAU2ARJ0BO,B0000T1R4O,5.0,1082505600
A25HBO5V8S8SEA,B0000TN0VW,5.0,1099612800
A25HBO5V8S8SEA,B0000TN0ZS,5.0,1099612800
A6FIAB28IS79,B0000TQ154,3.0,1194393600
AKT8TGIT6VVZ5,B0000TU7I6,5.0,1147132800
AT6CZDCP4TRGA,B0000TU7IQ,4.0,1103241600
A25HBO5V8S8SEA,B0000U1OD2,5.0,1099612800
A6FIAB28IS79,B0000UA3MA,5.0,1070755200
A5JLAU2ARJ0BO,B0000ULJWI,1.0,1098230400
A5JLAU2ARJ0BO,B0000UUXB6,3.0,1073001600
A5JLAU2ARJ0BO,B0000UXH4Q,5.0,1084838400
A5JLAU2ARJ0BO,B0000UXH5A,5.0,1084838400
A5JLAU2ARJ0BO,B0000VD3LC,1.0,1097712000
A5JLAU2ARJ0BO,B0000VL2Y2,1.0,1117152000
A25HBO5V8S8SEA,B0000W4MW0,5.0,1100217600
A5JLAU2ARJ0BO,B0000WWT84,5.0,1081728000
A25HBO5V8S8SEA,B0000X0VBU,5.0,1099612800
A25HBO5V8S8SEA,B0000X0VCE,5.0,1099612800
A25HBO5V8S8SEA,B0000X0VCO,5.0,1099612800
A5JLAU2ARJ0BO,B0000X0VCY,4.0,1099872000
A25HBO5V8S8SEA,B0000XLXI0,5.0,1099612800
A2R6RA8FRBS608,B0000XOBIE,4.0,1211932800
A2B7BUH8834Y6M,B0000YB7RQ,5.0,1125273600
A5JLAU2ARJ0BO,B000117DF8,5.0,1099353600
A5JLAU2ARJ0BO,B000117DGW,4.0,1108339200
AT6CZDCP4TRGA,B00011ME9I,1.0,1115683200
A2B7BUH8834Y6M,B00011PYC2,5.0,1165622400
A3OXHLG6DIBRW8,B00012FVYC,5.0,1238803200
A5JLAU2ARJ0BO,B00012IKOU,4.0,1073347200
A2R6RA8FRBS608,B00012YI9Q,4.0,1208649600
A2R6RA8FRBS608,B00012YIA0,4.0,1199059200
A3OXHLG6DIBRW8,B00013Q82A,4.0,1233619200
AKT8TGIT6VVZ5,B00014M3XW,5.0,1108684800
A5JLAU2ARJ0BO,B00014M3ZK,5.0,1098316800
A5JLAU2ARJ0BO,B00015GYU4,5.0,1106265600
AT6CZDCP4TRGA,B000167KWY,3.0,1079222400
A25HBO5V8S8SEA,B00016L0VQ,5.0,1099612800
A5JLAU2ARJ0BO,B00016OYSW,1.0,1089158400
A2R6RA8FRBS608,B00017G89E,4.0,1202169600
A2B7BUH8834Y6M,B00017ILNK,5.0,1090540800
AKT8TGIT6VVZ5,B00017LUHE,5.0,1172275200
AKT8TGIT6VVZ5,B000182FHW,5.0,1103500800
AKT8TGIT6VVZ5,B000184QQ0,5.0,1103587200
AKT8TGIT6VVZ5,B0001976UC,5.0,1354492800
A5JLAU2ARJ0BO,B00019OWSQ,1.0,1099353600
AT6CZDCP4TRGA,B00019VAWC,3.0,1133568000
A25HBO5V8S8SEA,B0001A06GW,5.0,1099612800
A5JLAU2ARJ0BO,B0001A06GW,4.0,1073606400
A2B7BUH8834Y6M,B0001A967W,4.0,1090713600
A5JLAU2ARJ0BO,B0001A99LA,2.0,1095724800
A5JLAU2ARJ0BO,B0001AU6H6,5.0,1085270400
A25HBO5V8S8SEA,B0001AUB3K,5.0,1099612800
A5JLAU2ARJ0BO,B0001BRITE,1.0,1093305600
A2R6RA8FRBS608,B0001BVD1S,4.0,1200441600
A25HBO5V8S8SEA,B0001CNMFM,5.0,1150848000
A231WM2Z2JL0U3,B0001D3K8A,5.0,1120348800
A5JLAU2ARJ0BO,B0001D56UK,4.0,1084233600
A5JLAU2ARJ0BO,B0001DB6LS,3.0,1094342400
A5JLAU2ARJ0BO,B0001DBEJC,5.0,1086825600
A6FIAB28IS79,B0001DBEM4,5.0,1283385600
A5JLAU2ARJ0BO,B0001DYXOU,2.0,1120694400
AT6CZDCP4TRGA,B0001EMLAM,3.0,1098057600
A11D1KHM7DVOQK,B0001EMM1A,2.0,1114905600
A6FIAB28IS79,B0001EZN52,4.0,1118102400
A25HBO5V8S8SEA,B0001F1XNC,5.0,1099612800
A25HBO5V8S8SEA,B0001F1XNM,5.0,1099612800
A25HBO5V8S8SEA,B0001F1ZY4,5.0,1099612800
A5JLAU2ARJ0BO,B0001F22PA,3.0,1085011200
A11D1KHM7DVOQK,B0001F22PA,5.0,1120348800
A5JLAU2ARJ0BO,B0001FV35U,5.0,1113868800
A11D1KHM7DVOQK,B0001FV35U,2.0,1123891200
A5JLAU2ARJ0BO,B0001FV364,1.0,1105747200
A6FIAB28IS79,B0001FV3AK,5.0,1106611200
A5JLAU2ARJ0BO,B0001G0FFI,5.0,1089158400
A5JLAU2ARJ0BO,B0001G0FFS,5.0,1099958400
A5JLAU2ARJ0BO,B0001G0FGW,5.0,1101945600
A2B7BUH8834Y6M,B0001G6U48,4.0,1364428800
A5JLAU2ARJ0BO,B0001G6U5M,5.0,1085097600
A231WM2Z2JL0U3,B0001G6U5M,5.0,1120780800
A5JLAU2ARJ0BO,B0001G6U5W,5.0,1081900800
A5JLAU2ARJ0BO,B0001G6U9I,4.0,1085443200
A11D1KHM7DVOQK,B0001G6UCA,4.0,1103932800
AT6CZDCP4TRGA,B0001GAMT2,5.0,1078012800
AKT8TGIT6VVZ5,B0001GGXK4,4.0,1108166400
A5JLAU2ARJ0BO,B0001GNDP2,5.0,1098835200
AT6CZDCP4TRGA,B0001H27PS,3.0,1320537600
A5JLAU2ARJ0BO,B0001H4BMU,1.0,1101945600
A5JLAU2ARJ0BO,B0001H4COW,1.0,1104278400
AT6CZDCP4TRGA,B0001H6DL2,3.0,1111449600
A5JLAU2ARJ0BO,B0001I2EZK,5.0,1089849600
A11D1KHM7DVOQK,B0001IXUEE,4.0,1169251200
A5JLAU2ARJ0BO,B0001IXUEY,5.0,1181692800
A5JLAU2ARJ0BO,B0001IXUFS,5.0,1093305600
AT6CZDCP4TRGA,B0001JXAYS,5.0,1138924800
A11D1KHM7DVOQK,B0001JXAZ2,2.0,1121990400
AT6CZDCP4TRGA,B0001LCZZQ,4.0,1111017600
A11D1KHM7DVOQK,B0001LD00A,5.0,1111795200
AT6CZDCP4TRGA,B0001LGXO0,1.0,1112054400
A25HBO5V8S8SEA,B0001LRISA,5.0,1099612800
A25HBO5V8S8SEA,B0001LSDUC,5.0,1099612800
A6FIAB28IS79,B0001M2FVY,5.0,1213488000
A5JLAU2ARJ0BO,B0001MAB06,5.0,1086739200
A5JLAU2ARJ0BO,B0001MHL0Y,3.0,1127347200
A5JLAU2ARJ0BO,B0001MKU2U,4.0,1105488000
A5JLAU2ARJ0BO,B0001MKU52,5.0,1093219200
A11D1KHM7DVOQK,B0001MKU52,3.0,1114819200
A5JLAU2ARJ0BO,B0001MVKO2,3.0,1099353600
A11D1KHM7DVOQK,B0001NBHMQ,2.0,1116979200
A5JLAU2ARJ0BO,B0001NYKCK,5.0,1091491200
A5JLAU2ARJ0BO,B0001P4V36,5.0,1121644800
AT6CZDCP4TRGA,B0001U6RNI,5.0,1109635200
A5JLAU2ARJ0BO,B0001VWJIY,4.0,1099872000
AT6CZDCP4TRGA,B0001WNKBI,1.0,1105660800
AT6CZDCP4TRGA,B0001WV08S,5.0,1202256000
A5JLAU2ARJ0BO,B0001WV09M,5.0,1146268800
A5JLAU2ARJ0BO,B0001WV6W8,5.0,1089158400
A5JLAU2ARJ0BO,B0001WV6YQ,2.0,1104278400
A5JLAU2ARJ0BO,B0001WV72W,5.0,1099353600
A2B7BUH8834Y6M,B0001WW3F2,5.0,1104019200
A5JLAU2ARJ0BO,B0001X6GEK,1.0,1093219200
A2B7BUH8834Y6M,B0001XE0QQ,5.0,1104278400
A25HBO5V8S8SEA,B0001XSK26,5.0,1099612800
A25HBO5V8S8SEA,B0001XSK3U,5.0,1099612800
A5JLAU2ARJ0BO,B0001YIA16,1.0,1082937600
A6FIAB28IS79,B0001YXWVO,5.0,1159920000
A5JLAU2ARJ0BO,B0001YYNMQ,5.0,1104364800
A5JLAU2ARJ0BO,B000204SWE,5.0,1100563200
AKT8TGIT6VVZ5,B00020A8RI,5.0,1104364800
A5JLAU2ARJ0BO,B00020KPB2,5.0,1120608000
A2B7BUH8834Y6M,B00020P7Y2,5.0,1093824000
A2B7BUH8834Y6M,B00020P7YC,5.0,1093824000
A5JLAU2ARJ0BO,B00020VX9K,5.0,1093219200
A2B7BUH8834Y6M,B0002198K0,5.0,1093910400
A2B7BUH8834Y6M,B0002198KA,5.0,1093824000
AKT8TGIT6VVZ5,B00021EE4U,4.0,1135814400
AT6CZDCP4TRGA,B00021O4UO,5.0,1106784000
A2B7BUH8834Y6M,B00021UJ30,5.0,1093824000
A2B7BUH8834Y6M,B00021UJ62,5.0,1093824000
A5JLAU2ARJ0BO,B00021Z98A,5.0,1093219200
A5JLAU2ARJ0BO,B00021ZVLA,5.0,1099353600
AT6CZDCP4TRGA,B000222YSM,4.0,1105574400
A11D1KHM7DVOQK,B00022OAH0,2.0,1110585600
AT6CZDCP4TRGA,B00022RV9Y,2.0,1115683200
AT6CZDCP4TRGA,B00022TN9A,5.0,1249257600
A11D1KHM7DVOQK,B00022TN9A,4.0,1136419200
A5JLAU2ARJ0BO,B00022TNF4,1.0,1110153600
A231WM2Z2JL0U3,B00022VBAE,2.0,1120867200
A5JLAU2ARJ0BO,B000233T80,5.0,1106265600
A5JLAU2ARJ0BO,B000233YDK,5.0,1097107200
A5JLAU2ARJ0BO,B000233YJ4,4.0,1103155200
A25HBO5V8S8SEA,B00023440W,5.0,1099612800
A2R6RA8FRBS608,B0002344GQ,4.0,1157068800
A2R6RA8FRBS608,B0002375F8,5.0,1187395200
A5JLAU2ARJ0BO,B00023CDL4,1.0,1097625600
AT6CZDCP4TRGA,B0002553PA,2.0,1115078400
AT6CZDCP4TRGA,B00025EKOA,4.0,1108944000
AT6CZDCP4TRGA,B000265GL0,5.0,1123459200
AT6CZDCP4TRGA,B00026IN1U,4.0,1108944000
A5JLAU2ARJ0BO,B00026IN1U,2.0,1097712000
A25HBO5V8S8SEA,B00026KJ26,5.0,1099612800
A5JLAU2ARJ0BO,B000274SYU,5.0,1089849600
A2B7BUH8834Y6M,B000281Z6I,4.0,1104278400
A2B7BUH8834Y6M,B0002821VQ,3.0,1103932800
A5JLAU2ARJ0BO,B00028DM96,5.0,1138147200
AKT8TGIT6VVZ5,B00028SPN4,5.0,1193011200
AT6CZDCP4TRGA,B00028VKO0,4.0,1107993600
A25HBO5V8S8SEA,B000294G18,5.0,1099612800
A5JLAU2ARJ0BO,B000294HDU,1.0,1094083200
AT6CZDCP4TRGA,B00029HOCG,5.0,1371686400
A11D1KHM7DVOQK,B00029TN9S,3.0,1114300800
A2R6RA8FRBS608,B00029U1DK,5.0,1202083200
A6FIAB28IS79,B00029U1DK,4.0,1270684800
A6FIAB28IS79,B0002A6YVC,4.0,1258588800
A5JLAU2ARJ0BO,B0002AZNKA,4.0,1105401600
A5JLAU2ARJ0BO,B0002B80EA,4.0,1118793600
A231WM2Z2JL0U3,B0002B80EA,3.0,1120176000
AKT8TGIT6VVZ5,B0002CBE1K,3.0,1125878400
A25HBO5V8S8SEA,B0002CEUMU,5.0,1099612800
A5JLAU2ARJ0BO,B0002CPBUK,5.0,1163289600
A3OXHLG6DIBRW8,B0002D0ROO,5.0,1348012800
A5JLAU2ARJ0BO,B0002DG0OA,2.0,1112832000
A6FIAB28IS79,B0002DG9XW,5.0,1297468800
A11D1KHM7DVOQK,B0002DGAO0,4.0,1128124800
A25HBO5V8S8SEA,B0002DRNQO,5.0,1099612800
A5JLAU2ARJ0BO,B0002DV9DM,2.0,1101772800
A3OXHLG6DIBRW8,B0002E1TWM,4.0,1228521600
A6FIAB28IS79,B0002E50MC,4.0,1244678400
A3OXHLG6DIBRW8,B0002EQUL2,4.0,1263254400
A11D1KHM7DVOQK,B0002EQUL2,1.0,1108166400
A3OXHLG6DIBRW8,B0002EXJ8Y,5.0,1259366400
A6FIAB28IS79,B0002FHENE,4.0,1200441600
A5JLAU2ARJ0BO,B0002G81J4,1.0,1097798400
A3OXHLG6DIBRW8,B0002GRUV4,5.0,1276300800
A5JLAU2ARJ0BO,B0002H0CRW,4.0,1129766400
A11D1KHM7DVOQK,B0002I5RHG,5.0,1135296000
A2B7BUH8834Y6M,B0002I71LG,4.0,1346112000
A5JLAU2ARJ0BO,B0002ICEF4,5.0,1103155200
A5JLAU2ARJ0BO,B0002IG34W,4.0,1090972800
A2B7BUH8834Y6M,B0002ILKNQ,5.0,1312329600
AT6CZDCP4TRGA,B0002INUIY,5.0,1130716800
A3OXHLG6DIBRW8,B0002IP2TY,5.0,1236211200
AT6CZDCP4TRGA,B0002IP4MO,3.0,1107648000
A2B7BUH8834Y6M,B0002IU0G4,3.0,1100476800
A5JLAU2ARJ0BO,B0002IWC9C,3.0,1106870400
AT6CZDCP4TRGA,B0002J2D1I,1.0,1198886400
A3OXHLG6DIBRW8,B0002J2P1Q,5.0,1278374400
A2R6RA8FRBS608,B0002J5TGY,4.0,1190851200
A5JLAU2ARJ0BO,B0002J6Z6W,5.0,1095552000
A11D1KHM7DVOQK,B0002JUHIY,1.0,1114300800
AT6CZDCP4TRGA,B0002JY6SQ,1.0,1103760000
AT6CZDCP4TRGA,B0002JY6T0,1.0,1103760000
A11D1KHM7DVOQK,B0002KH73Q,1.0,1110672000
A25HBO5V8S8SEA,B0002KQR32,5.0,1107820800
A5JLAU2ARJ0BO,B0002KQR3M,5.0,1095552000
AKT8TGIT6VVZ5,B0002KTYAA,5.0,1103414400
AT6CZDCP4TRGA,B0002KVQBA,2.0,1139011200
AKT8TGIT6VVZ5,B0002L2RXK,5.0,1122076800
A3OXHLG6DIBRW8,B0002L5R78,4.0,1318550400
A6FIAB28IS79,B0002L5R78,3.0,1208649600
A5JLAU2ARJ0BO,B0002LHSFW,5.0,1089244800
AT6CZDCP4TRGA,B0002MPM86,3.0,1112054400
A2R6RA8FRBS608,B0002MQ76C,4.0,1213315200
A5JLAU2ARJ0BO,B0002MRO14,3.0,1097712000
A5JLAU2ARJ0BO,B0002MRO2S,3.0,1109548800
A5JLAU2ARJ0BO,B0002MSTW2,5.0,1102464000
A5JLAU2ARJ0BO,B0002OIWZE,1.0,1104969600
A5JLAU2ARJ0BO,B0002OZXHO,2.0,1093219200
A11D1KHM7DVOQK,B0002OZXHO,2.0,1121990400
A3OXHLG6DIBRW8,B0002P4VHG,3.0,1229126400
A5JLAU2ARJ0BO,B0002P4VHG,1.0,1118102400
A25HBO5V8S8SEA,B0002PC8EO,5.0,1099612800
A5JLAU2ARJ0BO,B0002PSINY,4.0,1140566400
A5JLAU2ARJ0BO,B0002QWU3W,1.0,1112832000
AKT8TGIT6VVZ5,B0002R281K,5.0,1108684800
AKT8TGIT6VVZ5,B0002R282O,5.0,1120867200
AKT8TGIT6VVZ5,B0002R283S,5.0,1120348800
A11D1KHM7DVOQK,B0002RRVQW,2.0,1118880000
A2B7BUH8834Y6M,B0002RX1WA,5.0,1104278400
AT6CZDCP4TRGA,B0002SQ0A4,3.0,1163808000
AT6CZDCP4TRGA,B0002SQ2P2,4.0,1152403200
A11D1KHM7DVOQK,B0002SQ3Z6,3.0,1109289600
A5JLAU2ARJ0BO,B0002T3UPG,5.0,1095897600
A6FIAB28IS79,B0002T74QC,5.0,1194739200
A5JLAU2ARJ0BO,B0002TA96Y,5.0,1102464000
A5JLAU2ARJ0BO,B0002TUWXY,3.0,1104969600
A5JLAU2ARJ0BO,B0002TX7V8,5.0,1099699200
A5JLAU2ARJ0BO,B0002UE9WI,2.0,1137110400
A2B7BUH8834Y6M,B0002UHUTM,5.0,1103932800
A3OXHLG6DIBRW8,B0002VAQR4,5.0,1235865600
A11D1KHM7DVOQK,B0002VAQZQ,4.0,1106870400
A25HBO5V8S8SEA,B0002VAYB2,5.0,1099612800
A25HBO5V8S8SEA,B0002VG3OO,5.0,1099612800
AT6CZDCP4TRGA,B0002WRGW6,5.0,1107648000
A5JLAU2ARJ0BO,B0002X7V48,5.0,1101340800
A2B7BUH8834Y6M,B0002XN69C,3.0,1104278400
A5JLAU2ARJ0BO,B0002XQJFA,5.0,1102896000
A5JLAU2ARJ0BO,B0002XZQ9U,1.0,1112659200
A5JLAU2ARJ0BO,B0002Y22VE,1.0,1164326400
A2B7BUH8834Y6M,B0002Y3M9K,5.0,1104192000
A5JLAU2ARJ0BO,B0002Y6DGO,5.0,1106092800
A5JLAU2ARJ0BO,B0002YACFC,4.0,1106784000
AT6CZDCP4TRGA,B0002Z240M,4.0,1210809600
A2R6RA8FRBS608,B0002Z240M,5.0,1307232000
A6FIAB28IS79,B0002Z4554,3.0,1145145600
A5JLAU2ARJ0BO,B0002Z456I,5.0,1133222400
A5JLAU2ARJ0BO,B0002Z4572,5.0,1112745600
A5JLAU2ARJ0BO,B0002ZA7I8,5.0,1101168000
A5JLAU2ARJ0BO,B0002ZI07S,2.0,1104883200
AT6CZDCP4TRGA,B0002ZLYYY,1.0,1208044800
AT6CZDCP4TRGA,B0002ZPJZY,5.0,1112054400
A5JLAU2ARJ0BO,B0002ZQB7O,2.0,1102032000
AT6CZDCP4TRGA,B0002ZSFTG,4.0,1182038400
A5JLAU2ARJ0BO,B000300A2U,5.0,1105142400
A25HBO5V8S8SEA,B000309YPO,5.0,1099612800
AT6CZDCP4TRGA,B000309ZA8,5.0,1107302400
A5JLAU2ARJ0BO,B00061HVKU,5.0,1097625600
A11D1KHM7DVOQK,B00061IYFQ,5.0,1110585600
A11D1KHM7DVOQK,B00061IYI8,2.0,1141084800
AT6CZDCP4TRGA,B00062QY5W,1.0,1103587200
A5JLAU2ARJ0BO,B000636JD8,2.0,1163289600
AT6CZDCP4TRGA,B00064X4QM,1.0,1102204800
A5JLAU2ARJ0BO,B000651AMQ,5.0,1101427200
A11D1KHM7DVOQK,B000658EP2,3.0,1103760000
A2R6RA8FRBS608,B00065DGNC,5.0,1155081600
A5JLAU2ARJ0BO,B00065HLT2,5.0,1099872000
A231WM2Z2JL0U3,B00065L5SK,5.0,1120435200
A2R6RA8FRBS608,B00065XSE4,5.0,1185753600
A6FIAB28IS79,B00065XSP8,4.0,1155427200
A5JLAU2ARJ0BO,B00066EK40,5.0,1103155200
AKT8TGIT6VVZ5,B000673Z4A,5.0,1120348800
A6FIAB28IS79,B00067LYFW,5.0,1135555200
A5JLAU2ARJ0BO,B00067M5N2,1.0,1104278400
A5JLAU2ARJ0BO,B00067M5O6,1.0,1112400000
A11D1KHM7DVOQK,B00067OEPO,4.0,1172620800
A6FIAB28IS79,B00067OF80,5.0,1254441600
A25HBO5V8S8SEA,B00067TQ4S,5.0,1126137600
A5JLAU2ARJ0BO,B00067TTY0,2.0,1098144000
A5JLAU2ARJ0BO,B00068E1ME,1.0,1101081600
A6FIAB28IS79,B00068MWUM,4.0,1220659200
A5JLAU2ARJ0BO,B00069ECWC,3.0,1099526400
A3OXHLG6DIBRW8,B0006B088W,5.0,1272326400
A11D1KHM7DVOQK,B0006B486K,5.0,1175212800
A11D1KHM7DVOQK,B0006BFCN8,4.0,1122249600
A5JLAU2ARJ0BO,B0006BKGAW,3.0,1105315200
A5JLAU2ARJ0BO,B0006FRXI6,5.0,1102982400
A2B7BUH8834Y6M,B0006FTKXC,3.0,1103932800
A2B7BUH8834Y6M,B0006FTKXM,3.0,1104192000
A2B7BUH8834Y6M,B0006FTKYG,5.0,1104278400
AT6CZDCP4TRGA,B0006G0RSI,3.0,1115769600
AKT8TGIT6VVZ5,B0006GQ6K6,5.0,1106438400
A2B7BUH8834Y6M,B0006GR8CQ,5.0,1104710400
A5JLAU2ARJ0BO,B0006H5I3Q,4.0,1106006400
A11D1KHM7DVOQK,B0006HTPQ2,4.0,1118966400
A3OXHLG6DIBRW8,B0006HW668,4.0,1291334400
A5JLAU2ARJ0BO,B0006I5I7G,1.0,1137024000
A5JLAU2ARJ0BO,B0006IEV7E,5.0,1114041600
A5JLAU2ARJ0BO,B0006J321O,3.0,1104537600
AT6CZDCP4TRGA,B0006L0CL0,4.0,1153094400
A5JLAU2ARJ0BO,B0006MWHMG,5.0,1121040000
A2B7BUH8834Y6M,B0006N2NOW,3.0,1104278400
A6FIAB28IS79,B0006N2P8Q,4.0,1203897600
A2B7BUH8834Y6M,B0006N4X2C,3.0,1104278400
A5JLAU2ARJ0BO,B0006O4VMI,4.0,1112659200
A5JLAU2ARJ0BO,B0006O4VMS,4.0,1112572800
A6FIAB28IS79,B0006OC16G,5.0,1308873600
A2B7BUH8834Y6M,B0006OHVOI,5.0,1103673600
A2B7BUH8834Y6M,B0006OHVOS,5.0,1103673600
A2B7BUH8834Y6M,B0006OIZU2,5.0,1103673600
A2B7BUH8834Y6M,B0006OIZUM,5.0,1103673600
A25HBO5V8S8SEA,B0006OJG78,5.0,1150848000
A2B7BUH8834Y6M,B0006SQWR6,5.0,1103328000
AT6CZDCP4TRGA,B0006TIEZS,4.0,1109462400
AT6CZDCP4TRGA,B0006U6GH0,2.0,1111449600
A2B7BUH8834Y6M,B0006U6GH0,5.0,1104278400
A5JLAU2ARJ0BO,B0006VHV64,1.0,1108425600
A3OXHLG6DIBRW8,B0006VHZJ2,5.0,1247788800
AT6CZDCP4TRGA,B0006VX1G8,1.0,1112745600
A5JLAU2ARJ0BO,B0006ZBHWY,5.0,1133913600
A11D1KHM7DVOQK,B0006ZF53Q,2.0,1118534400
AKT8TGIT6VVZ5,B00070E8LK,5.0,1125705600
A3OXHLG6DIBRW8,B00070QI1I,5.0,1216944000
A2R6RA8FRBS608,B00076QAC4,5.0,1197849600
A3OXHLG6DIBRW8,B00076TGYI,5.0,1204329600
AKT8TGIT6VVZ5,B0007876DE,3.0,1122076800
AKT8TGIT6VVZ5,B00078BQWG,3.0,1126656000
A6FIAB28IS79,B00078F226,3.0,1196726400
A5JLAU2ARJ0BO,B00078NIOA,5.0,1133740800
A5JLAU2ARJ0BO,B0007GIXQU,5.0,1134691200
A3OXHLG6DIBRW8,B0007GIXR4,4.0,1318118400
A5JLAU2ARJ0BO,B0007IOYU2,5.0,1295568000
A5JLAU2ARJ0BO,B0007KQWD2,5.0,1114819200
A5JLAU2ARJ0BO,B0007KQWF0,5.0,1117152000
A2B7BUH8834Y6M,B0007KX4TM,4.0,1123632000
A2R6RA8FRBS608,B0007LBON4,5.0,1245888000
A6FIAB28IS79,B0007LJHVA,5.0,1182038400
A6FIAB28IS79,B0007LJHVK,3.0,1192492800
AKT8TGIT6VVZ5,B0007M3PKS,5.0,1125878400
A11D1KHM7DVOQK,B0007M6104,4.0,1119830400
A5JLAU2ARJ0BO,B0007MU1J6,4.0,1108425600
A5JLAU2ARJ0BO,B0007N55MS,5.0,1123027200
A6FIAB28IS79,B0007N55NC,4.0,1198886400
AT6CZDCP4TRGA,B0007NDPQQ,4.0,1152316800
A2R6RA8FRBS608,B0007OF11M,4.0,1130976000
AKT8TGIT6VVZ5,B0007OV45O,5.0,1120003200
AKT8TGIT6VVZ5,B0007OV46S,5.0,1123545600
A6FIAB28IS79,B0007OWASE,5.0,1183680000
A5JLAU2ARJ0BO,B0007P4G4Y,5.0,1127260800
A5JLAU2ARJ0BO,B0007P4G58,5.0,1126656000
A2R6RA8FRBS608,B0007PN5MS,5.0,1187395200
A5JLAU2ARJ0BO,B0007QKMQY,5.0,1110844800
AT6CZDCP4TRGA,B0007RA6MS,4.0,1164758400
A11D1KHM7DVOQK,B0007RB1X6,2.0,1123891200
A6FIAB28IS79,B0007RB2BM,4.0,1132099200
A6FIAB28IS79,B0007RXD78,4.0,1124841600
A2R6RA8FRBS608,B0007SL4IW,5.0,1212710400
A6FIAB28IS79,B0007SM8QE,4.0,1115164800
A2R6RA8FRBS608,B0007SXHP0,5.0,1185321600
A6FIAB28IS79,B0007TC390,1.0,1148428800
A231WM2Z2JL0U3,B0007TJ5OG,5.0,1120435200
A5JLAU2ARJ0BO,B0007TZNA6,2.0,1113955200
A3OXHLG6DIBRW8,B0007UQNOA,3.0,1280793600
A5JLAU2ARJ0BO,B0007UVYLC,5.0,1158796800
A5JLAU2ARJ0BO,B0007UVYO4,5.0,1153872000
A25HBO5V8S8SEA,B0007VRPZA,2.0,1150848000
AKT8TGIT6VVZ5,B0007WK8KS,5.0,1121472000
A5JLAU2ARJ0BO,B0007WZMW2,5.0,1123804800
A3OXHLG6DIBRW8,B0007XGOW8,2.0,1260057600
A5JLAU2ARJ0BO,B0007XO79U,4.0,1111536000
A5JLAU2ARJ0BO,B0007XO7AE,4.0,1112572800
AT6CZDCP4TRGA,B0007XOHTU,5.0,1140307200
A5JLAU2ARJ0BO,B0007XXU2K,4.0,1141776000
A3OXHLG6DIBRW8,B0007XXU3E,4.0,1141171200
A11D1KHM7DVOQK,B0007Y6AD0,4.0,1138492800
A6FIAB28IS79,B0007Y6AD0,1.0,1131667200
AT6CZDCP4TRGA,B0007Y6ANU,3.0,1140480000
AKT8TGIT6VVZ5,B0007Y794O,5.0,1147305600
A11D1KHM7DVOQK,B0007Y79AI,4.0,1134345600
A11D1KHM7DVOQK,B0007Y79B2,4.0,1135468800
A2B7BUH8834Y6M,B0007Y79B2,4.0,1127174400
A2B7BUH8834Y6M,B0007Y79E4,4.0,1125619200
A2R6RA8FRBS608,B0007YFQH6,5.0,1197849600
A5JLAU2ARJ0BO,B0007YN3F8,3.0,1121990400
A11D1KHM7DVOQK,B0007ZAK4O,5.0,1114905600
AT6CZDCP4TRGA,B00080DSEM,5.0,1202256000
A6FIAB28IS79,B00080FPSY,3.0,1118102400
A2R6RA8FRBS608,B00081A2KY,5.0,1229817600
A2B7BUH8834Y6M,B00081A2UO,5.0,1127952000
A5JLAU2ARJ0BO,B00081NX5K,5.0,1146268800
A11D1KHM7DVOQK,B00081PR72,4.0,1172102400
A6FIAB28IS79,B00081S0YY,4.0,1144368000
A5JLAU2ARJ0BO,B00083JQY0,5.0,1113868800
A5JLAU2ARJ0BO,B00083LJ5Y,5.0,1172016000
A11D1KHM7DVOQK,B0008GP89E,1.0,1137283200
A25HBO5V8S8SEA,B0008JF0CG,5.0,1152835200
AT6CZDCP4TRGA,B00093IIRA,3.0,1198886400
A11D1KHM7DVOQK,B00094NNF6,4.0,1116633600
A6FIAB28IS79,B0009AI5XA,5.0,1267315200
AT6CZDCP4TRGA,B0009E1YPM,5.0,1126396800
A5JLAU2ARJ0BO,B0009E3T14,1.0,1133222400
A11D1KHM7DVOQK,B0009E5YNA,5.0,1169596800
A2B7BUH8834Y6M,B0009EXWJS,4.0,1127606400
A11D1KHM7DVOQK,B0009FUFPG,5.0,1120521600
A6FIAB28IS79,B0009FUSBW,4.0,1151366400
A11D1KHM7DVOQK,B0009H9PZU,5.0,1123459200
AKT8TGIT6VVZ5,B0009HN57E,5.0,1124582400
AKT8TGIT6VVZ5,B0009HN57Y,5.0,1123632000
AKT8TGIT6VVZ5,B0009HS5IS,2.0,1145318400
A5JLAU2ARJ0BO,B0009I4VE4,5.0,1119484800
A6FIAB28IS79,B0009IGAPW,3.0,1274140800
A5JLAU2ARJ0BO,B0009K9Q2E,5.0,1138924800
AT6CZDCP4TRGA,B0009KIQNO,3.0,1119139200
A6FIAB28IS79,B0009MFQ1C,5.0,1274313600
A2R6RA8FRBS608,B0009MX5R4,4.0,1193184000
A2R6RA8FRBS608,B0009MZ9UA,5.0,1197158400
AT6CZDCP4TRGA,B0009O5MWI,4.0,1138147200
A3OXHLG6DIBRW8,B0009OAFI4,5.0,1228953600
A3OXHLG6DIBRW8,B0009PAYY8,5.0,1353110400
A11D1KHM7DVOQK,B0009PUVH8,4.0,1136073600
A5JLAU2ARJ0BO,B0009PV49W,5.0,1150070400
AT6CZDCP4TRGA,B0009Q0I3E,5.0,1128988800
A5JLAU2ARJ0BO,B0009Q4W9A,5.0,1123718400
AKT8TGIT6VVZ5,B0009R3N9E,5.0,1121212800
AKT8TGIT6VVZ5,B0009R3STY,5.0,1130716800
A5JLAU2ARJ0BO,B0009RGLSE,3.0,1166227200
A5JLAU2ARJ0BO,B0009RKL5S,1.0,1182124800
A2R6RA8FRBS608,B0009RKL5S,4.0,1209254400
A2R6RA8FRBS608,B0009RKL6M,5.0,1197849600
A2R6RA8FRBS608,B0009RNYQG,4.0,1285113600
A2R6RA8FRBS608,B0009RO5VO,5.0,1214438400
A5JLAU2ARJ0BO,B0009RUWF2,5.0,1179014400
A5JLAU2ARJ0BO,B0009ST7DY,5.0,1168646400
A5JLAU2ARJ0BO,B0009U5XN0,5.0,1161820800
A6FIAB28IS79,B0009U6YQK,5.0,1151712000
A3OXHLG6DIBRW8,B0009VT9OI,5.0,1270771200
A3OXHLG6DIBRW8,B0009VT9OS,5.0,1270771200
A11D1KHM7DVOQK,B0009XHPTM,2.0,1124496000
A6FIAB28IS79,B0009Y7APU,5.0,1271376000
AT6CZDCP4TRGA,B000A2JXFQ,3.0,1146355200
A5JLAU2ARJ0BO,B000A2K3Y6,5.0,1141171200
A6FIAB28IS79,B000A5TAT2,4.0,1157846400
AT6CZDCP4TRGA,B000A7NRPI,3.0,1164758400
AKT8TGIT6VVZ5,B000A7XXUW,5.0,1128643200
A2B7BUH8834Y6M,B000AA2TE0,5.0,1122508800
A2R6RA8FRBS608,B000AAL2TS,1.0,1249257600
A6FIAB28IS79,B000ABTP8C,5.0,1358640000
A5JLAU2ARJ0BO,B000ACAWZ6,1.0,1143504000
A5JLAU2ARJ0BO,B000ACHVVE,2.0,1146873600
AT6CZDCP4TRGA,B000AEFVVE,5.0,1171497600
A6FIAB28IS79,B000AJIF4E,5.0,1198281600
A5JLAU2ARJ0BO,B000ALAFYU,1.0,1181088000
A5JLAU2ARJ0BO,B000ANF8GS,3.0,1160956800
AT6CZDCP4TRGA,B000AOYWVE,4.0,1385942400
AT6CZDCP4TRGA,B000AP05BO,1.0,1116288000
A6FIAB28IS79,B000ARSLB8,4.0,1225152000
A2R6RA8FRBS608,B000ASGFRE,3.0,1141430400
A5JLAU2ARJ0BO,B000AV14M2,2.0,1171324800
A6FIAB28IS79,B000AYGDWU,5.0,1143331200
A3OXHLG6DIBRW8,B000B1H89E,4.0,1266969600
A3OXHLG6DIBRW8,B000B5H2BE,4.0,1228867200
AKT8TGIT6VVZ5,B000B68I2K,5.0,1135209600
AKT8TGIT6VVZ5,B000B7SGD0,5.0,1135900800
A5JLAU2ARJ0BO,B000B8UOTS,5.0,1146268800
A11D1KHM7DVOQK,B000BC8VV2,3.0,1140825600
A2R6RA8FRBS608,B000BFP7ES,4.0,1187049600
A5JLAU2ARJ0BO,B000BHGWZ4,5.0,1140652800
A5JLAU2ARJ0BO,B000BI2180,1.0,1143158400
A5JLAU2ARJ0BO,B000BJUP00,4.0,1134086400
AT6CZDCP4TRGA,B000BKF6TO,3.0,1166659200
AT6CZDCP4TRGA,B000BKH1ME,3.0,1165708800
A5JLAU2ARJ0BO,B000BKJZ9Q,2.0,1165622400
A6FIAB28IS79,B000BKJZ9Q,5.0,1182038400
A5JLAU2ARJ0BO,B000BKN2Y0,1.0,1164931200
A3OXHLG6DIBRW8,B000BKY3Q6,5.0,1262908800
AT6CZDCP4TRGA,B000BKZCCU,3.0,1152144000
A5JLAU2ARJ0BO,B000BM6Z60,2.0,1147219200
A2R6RA8FRBS608,B000BN94F8,4.0,1245801600
A6FIAB28IS79,B000BNJJBW,4.0,1205971200
A2B7BUH8834Y6M,B000BNP2KE,5.0,1148083200
A3OXHLG6DIBRW8,B000BNUDXK,5.0,1246752000
A5JLAU2ARJ0BO,B000BOPTHO,1.0,1146873600
A11D1KHM7DVOQK,B000BP50AY,3.0,1173398400
A6FIAB28IS79,B000BPNUCY,5.0,1201132800
A5JLAU2ARJ0BO,B000BQ57BU,2.0,1213747200
A6FIAB28IS79,B000BQ57BU,5.0,1204761600
A2B7BUH8834Y6M,B000BQ7GW8,5.0,1390780800
A3OXHLG6DIBRW8,B000BQVYIA,5.0,1266537600
A3OXHLG6DIBRW8,B000BSLTIS,4.0,1289952000
A2R6RA8FRBS608,B000BSLTMY,5.0,1211500800
A3OXHLG6DIBRW8,B000BSOBG0,4.0,1267315200
AKT8TGIT6VVZ5,B000BTFZZA,5.0,1147737600
A3OXHLG6DIBRW8,B000BTQXUG,4.0,1272240000
AKT8TGIT6VVZ5,B000BUNN4E,5.0,1142985600
AT6CZDCP4TRGA,B000BVCSMG,2.0,1198972800
A6FIAB28IS79,B000BVV2IC,4.0,1242604800
AKT8TGIT6VVZ5,B000BY52NK,5.0,1146873600
A3OXHLG6DIBRW8,B000BY8BW4,4.0,1271376000
A3OXHLG6DIBRW8,B000BYH8EQ,5.0,1229904000
A6FIAB28IS79,B000BYTMEA,4.0,1201132800
A6FIAB28IS79,B000BZ1P3A,1.0,1200441600
A3OXHLG6DIBRW8,B000C12GH2,5.0,1272326400
A3OXHLG6DIBRW8,B000C8TSCQ,4.0,1266883200
A2R6RA8FRBS608,B000CBB4N4,2.0,1230854400
AKT8TGIT6VVZ5,B000CEAMRK,5.0,1132876800
AKT8TGIT6VVZ5,B000CMNL52,5.0,1135900800
A3OXHLG6DIBRW8,B000CNPAAA,5.0,1230768000
A3OXHLG6DIBRW8,B000COB512,4.0,1241568000
A5JLAU2ARJ0BO,B000CQP98A,4.0,1146441600
A2R6RA8FRBS608,B000CQVX5I,5.0,1226966400
A3OXHLG6DIBRW8,B000CR78C4,5.0,1237852800
AT6CZDCP4TRGA,B000CSQJ8C,4.0,1236297600
A6FIAB28IS79,B000DT7ZJM,5.0,1205712000
A5JLAU2ARJ0BO,B000DZDQ26,5.0,1155859200
A5JLAU2ARJ0BO,B000DZFTZS,5.0,1148256000
A5JLAU2ARJ0BO,B000DZFV2E,5.0,1145664000
AKT8TGIT6VVZ5,B000DZFWL4,5.0,1156032000
A5JLAU2ARJ0BO,B000DZKNEK,1.0,1146787200
A5JLAU2ARJ0BO,B000DZMC3K,5.0,1163030400
AT6CZDCP4TRGA,B000E6G9RI,5.0,1263168000
A6FIAB28IS79,B000E6G9RI,4.0,1242172800
A6FIAB28IS79,B000E8HUNS,5.0,1259539200
A6FIAB28IS79,B000E8OVMQ,4.0,1207958400
A2R6RA8FRBS608,B000E8P7Z6,4.0,1170892800
AKT8TGIT6VVZ5,B000EBK3FW,5.0,1147737600
AKT8TGIT6VVZ5,B000EBM7N8,5.0,1149120000
A2R6RA8FRBS608,B000EBRFDU,5.0,1254873600
A3OXHLG6DIBRW8,B000EC8WEU,5.0,1347408000
A5JLAU2ARJ0BO,B000EEQ83K,4.0,1162339200
A2R6RA8FRBS608,B000EEQ83K,4.0,1172102400
A6FIAB28IS79,B000EEQ83K,5.0,1200009600
A6FIAB28IS79,B000EEU2YG,4.0,1174953600
A2R6RA8FRBS608,B000EEU2YQ,4.0,1202256000
AKT8TGIT6VVZ5,B000EHT5EQ,5.0,1195948800
A3OXHLG6DIBRW8,B000EI3W8U,5.0,1236643200
A5JLAU2ARJ0BO,B000EJVWGS,4.0,1156896000
A3OXHLG6DIBRW8,B000EM35N8,5.0,1282176000
A6FIAB28IS79,B000EMWBT2,5.0,1159747200
A5JLAU2ARJ0BO,B000EN62YG,5.0,1167091200
A5JLAU2ARJ0BO,B000ENQSRW,2.0,1165104000
A5JLAU2ARJ0BO,B000ENQUDY,5.0,1158796800
AKT8TGIT6VVZ5,B000ENTFDG,5.0,1150502400
AT6CZDCP4TRGA,B000EO55TI,5.0,1164758400
A2B7BUH8834Y6M,B000EOF9P8,4.0,1160870400
A3OXHLG6DIBRW8,B000EOPQ7E,5.0,1272153600
A6FIAB28IS79,B000EOPQ7E,4.0,1265241600
A3OXHLG6DIBRW8,B000EOR4JM,4.0,1228953600
AKT8TGIT6VVZ5,B000EOSHGQ,5.0,1157414400
A5JLAU2ARJ0BO,B000EP1IKW,3.0,1145318400
A2B7BUH8834Y6M,B000EP5MOA,4.0,1161216000
A11D1KHM7DVOQK,B000EPJLGK,4.0,1167004800
A3OXHLG6DIBRW8,B000EQW5SA,4.0,1228348800
A5JLAU2ARJ0BO,B000ETVKHE,4.0,1148428800
A2R6RA8FRBS608,B000EUFJX4,4.0,1185062400
A2R6RA8FRBS608,B000EUFJXE,5.0,1201824000
A6FIAB28IS79,B000EVLS4C,5.0,1353542400
A3OXHLG6DIBRW8,B000EVM5DK,4.0,1228780800
A5JLAU2ARJ0BO,B000EVM5DK,5.0,1154476800
A5JLAU2ARJ0BO,B000EVM5DU,5.0,1159142400
A6FIAB28IS79,B000EVMK5S,3.0,1194048000
AKT8TGIT6VVZ5,B000EW9Y4M,5.0,1147392000
A5JLAU2ARJ0BO,B000EXTW5M,5.0,1167868800
A6FIAB28IS79,B000EXU4YK,4.0,1186358400
A5JLAU2ARJ0BO,B000EZP0MO,5.0,1165536000
AT6CZDCP4TRGA,B000F0DC32,5.0,1153785600
A3OXHLG6DIBRW8,B000F2YHKM,5.0,1238803200
A6FIAB28IS79,B000F38JLY,3.0,1174348800
A5JLAU2ARJ0BO,B000F3RI3O,5.0,1161820800
AT6CZDCP4TRGA,B000F4C2AM,5.0,1164758400
A3OXHLG6DIBRW8,B000F5FKHI,4.0,1250640000
A6FIAB28IS79,B000F7JCRA,5.0,1206057600
A3OXHLG6DIBRW8,B000F7QRTG,5.0,1283472000
A6FIAB28IS79,B000F8WC4O,4.0,1212969600
AT6CZDCP4TRGA,B000F8XATA,4.0,1164758400
AKT8TGIT6VVZ5,B000FAPQHM,4.0,1148688000
A5JLAU2ARJ0BO,B000FCHTCK,4.0,1160956800
A6FIAB28IS79,B000FCJUNG,4.0,1167609600
A2R6RA8FRBS608,B000FCP4ZY,4.0,1195257600
A6FIAB28IS79,B000FCSXBQ,4.0,1196726400
A6FIAB28IS79,B000FD9N0K,4.0,1174089600
A3OXHLG6DIBRW8,B000FDTNZK,4.0,1266883200
